name,address,booth,fax,phone,website,twitter,facebook,instagram,linkedin,url
Castaly Industries Corp.,"637 vineland ave La Puente, CA 91746USA",1001,(626) 968-6333,(626) 968-6330,http://www.castalymachine.com/,Twitter not availabl,Facebook not availabl,Instagram not availabl,Linkedin not availabl,https://awfsfair25.mapyourshow.com/8_0/floorplan/index.cfm?hallID=A&selectedBooth=1001
Allied Tool Group,"13416 North 32nd Street, Suite 103 Phoenix, AZ 85032USA",1016,fax not availabl,(602) 788-2122,https://www.alliedtoolgroup.com/,Twitter not availabl,Facebook not availabl,Instagram not availabl,Linkedin not availabl,https://awfsfair25.mapyourshow.com/8_0/floorplan/index.cfm?hallID=A&selectedBooth=1016
"Skarpaz Tooling Systems, Inc.","200 Valley Drive, Suite 34 Brisbane, CA 94005USA",1018,(415) 467-6688,(800) 875-8030,website not availabl,Twitter not availabl,Facebook not availabl,Instagram not availabl,Linkedin not availabl,https://awfsfair25.mapyourshow.com/8_0/floorplan/index.cfm?hallID=A&selectedBooth=1018
Choice Machinery Group,"11441 East Lakewood Blvd Holland, MI 49424USA",1213,(616) 546-8225,(616) 546-8225,http://www.choicemachinerygroup.com/,Twitter not availabl,Facebook not availabl,Instagram not availabl,Linkedin not availabl,https://awfsfair25.mapyourshow.com/8_0/floorplan/index.cfm?hallID=A&selectedBooth=1213
Becker Pumps Corp.,"100 East Ascot Lane Cuyahoga Falls, OH 44223USA",1223,(330) 928-7065,(330) 928-9966,https://beckerpumps.com/,Twitter not availabl,https://www.facebook.com/Becker-Pumps-Corporation-1718326185101615/,Instagram not availabl,https://www.linkedin.com/company/becker-pumps-corporation,https://awfsfair25.mapyourshow.com/8_0/floorplan/index.cfm?hallID=A&selectedBooth=1223
Altendorf Group,"319 Oates Road, Suite C Mooresville, NC 28117United States",1235,fax not availabl,7046574797,http://www.altendorfgroupamerica.us/,Twitter not availabl,Facebook not availabl,Instagram not availabl,Linkedin not availabl,https://awfsfair25.mapyourshow.com/8_0/floorplan/index.cfm?hallID=A&selectedBooth=1235
"Phantom CNC Systems, LLC","1452 Streets Ferry Rd Vanceboro, NY 28586USA",1401,fax not availabl,(252) 402-8711,http://www.phantomcncsystems.com/,Twitter not availabl,Facebook not availabl,Instagram not availabl,Linkedin not availabl,https://awfsfair25.mapyourshow.com/8_0/floorplan/index.cfm?hallID=A&selectedBooth=1401
ShopSabre CNC,"21673 Cedar Avenue Lakeville, MN 55044USA",1413,(952) 461-4573,9524614570,https://www.shopsabre.com/,Twitter not availabl,https://www.facebook.com/Shopsabre,https://www.instagram.com/shopsabre/,https://www.linkedin.com/company/shopsabre-cnc,https://awfsfair25.mapyourshow.com/8_0/floorplan/index.cfm?hallID=A&selectedBooth=1413
Vollmer of America,"115 Enterprise Drive Pittsburgh, PA 15275USA",1423,(412) 278-0520,(412) 278-0655,http://www.vollmer-group.com/,Twitter not availabl,Facebook not availabl,Instagram not availabl,Linkedin not availabl,https://awfsfair25.mapyourshow.com/8_0/floorplan/index.cfm?hallID=A&selectedBooth=1423
RT Machine Co. Inc.,"201 Boak Ave Hughesville, PA 17737USA",1447,(570) 584-2025,(570) 584-2002,http://www.rtmachine.com/,Twitter not availabl,Facebook not availabl,Instagram not availabl,Linkedin not availabl,https://awfsfair25.mapyourshow.com/8_0/floorplan/index.cfm?hallID=A&selectedBooth=1447
Mirka USA,"2375 Edison Road Twinsburg, OH 44087United States of America",1513,(800) 626-6970,(800) 843-3904,http://www.mirka.com/en-US/us/,Twitter not availabl,https://www.facebook.com/mirkausa/,https://www.instagram.com/mirka_usa/,https://www.linkedin.com/in/mirka-us-0132662bb/,https://awfsfair25.mapyourshow.com/8_0/floorplan/index.cfm?hallID=A&selectedBooth=1513
Haimer USA,"134 E. Hill Street Villa Park, IL 60181USA",1517,(630) 833-1507,(630) 833-1500,http://www.hairmer-usa.com/,Twitter not availabl,Facebook not availabl,Instagram not availabl,Linkedin not availabl,https://awfsfair25.mapyourshow.com/8_0/floorplan/index.cfm?hallID=A&selectedBooth=1517
IBID Machinery Auctions,"820 Oakhaven Drive Roswell, GA 30075USA",1523,fax not availabl,(888) 375-0384,website not availabl,Twitter not availabl,Facebook not availabl,Instagram not availabl,Linkedin not availabl,https://awfsfair25.mapyourshow.com/8_0/floorplan/index.cfm?hallID=A&selectedBooth=1523
Geneva Capital LLC,"1311 Broadway Street Alexandria, MN 56308USA",1528,(320) 762-8402,(320) 762-8400,http://www.gogc.com/,Twitter not availabl,Facebook not availabl,Instagram not availabl,Linkedin not availabl,https://awfsfair25.mapyourshow.com/8_0/floorplan/index.cfm?hallID=A&selectedBooth=1528
Neway Packaging Corp,"6330 Polaris Ave. Las Vegas, NV 89118USA",1529,fax not availabl,(702) 566-5005,https://www.newaypkgshop.com/,Twitter not availabl,Facebook not availabl,Instagram not availabl,Linkedin not availabl,https://awfsfair25.mapyourshow.com/8_0/floorplan/index.cfm?hallID=A&selectedBooth=1529
Northtech Machine LLC,"102 Walnut Street Borden, IN 47106USA",1535,(812) 967-7401,(812) 967-7400,https://northtechmachine.com/,Twitter not availabl,https://www.facebook.com/NorthtechMachine,https://www.instagram.com/northtechmachine/,https://www.linkedin.com/in/northtech-machine-llc-687938129,https://awfsfair25.mapyourshow.com/8_0/floorplan/index.cfm?hallID=A&selectedBooth=1535
Machine Tool Camp,"1233 International Drive Eau Claire, WI 54701USA",1547,fax not availabl,(715) 797-4507,website not availabl,Twitter not availabl,Facebook not availabl,Instagram not availabl,Linkedin not availabl,https://awfsfair25.mapyourshow.com/8_0/floorplan/index.cfm?hallID=A&selectedBooth=1547
"Yaskawa America, Inc.","2121 Norman Dr. South Waukegan, IL 60085USA",1557,8478877310,(847) 887-7000,http://www.yaskawa.com/,Twitter not availabl,Facebook not availabl,Instagram not availabl,Linkedin not availabl,https://awfsfair25.mapyourshow.com/8_0/floorplan/index.cfm?hallID=A&selectedBooth=1557
VTM Enterprises,"7251 West Lake Mead Blvd Suite 300 Las Vegas, NV 89128USA",1601,(702) 778-2575,(702) 721-1211,website not availabl,Twitter not availabl,Facebook not availabl,Instagram not availabl,Linkedin not availabl,https://awfsfair25.mapyourshow.com/8_0/floorplan/index.cfm?hallID=A&selectedBooth=1601
Krautzberger North America,"7128 Farm Station Road Vint Hill, VA 20187USA",1612,(540) 347-0770,(540) 349-5358,http://www.krautzberger.com/,Twitter not availabl,Facebook not availabl,Instagram not availabl,Linkedin not availabl,https://awfsfair25.mapyourshow.com/8_0/floorplan/index.cfm?hallID=A&selectedBooth=1612
Kendrick Forest Products,"601 S. Washington St PO Box 457 Edgewood, IA 52042USA",1613,(563) 928-7215,(563) 928-6431,https://www.kfpiowa.com/,Twitter not availabl,Facebook not availabl,Instagram not availabl,Linkedin not availabl,https://awfsfair25.mapyourshow.com/8_0/floorplan/index.cfm?hallID=A&selectedBooth=1613
MoneyCapital Equipment Finance,"18251 west desert sage dr Goodyear, Arizona 85338USA",1614,fax not availabl,16023769883,http://moneycapitalfinance.com/,Twitter not availabl,Facebook not availabl,Instagram not availabl,Linkedin not availabl,https://awfsfair25.mapyourshow.com/8_0/floorplan/index.cfm?hallID=A&selectedBooth=1614
"Gyokucho Trading Co., Ltd.","58-14, Omura, Miki-City, Hyogo-Pref. 673-0404Japan",1617,+81-(0)794-83-3479,+81-(0)794-83-2277,http://www.gyokucho.co.jp/,Twitter not availabl,Facebook not availabl,Instagram not availabl,Linkedin not availabl,https://awfsfair25.mapyourshow.com/8_0/floorplan/index.cfm?hallID=A&selectedBooth=1617
Dackor 3D Laminates,"310 E. Crown Point Rd. Winter Garden, FL 34787USA",1618,fax not availabl,(407) 654-5013,http://www.dackor.com/,Twitter not availabl,Facebook not availabl,Instagram not availabl,Linkedin not availabl,https://awfsfair25.mapyourshow.com/8_0/floorplan/index.cfm?hallID=A&selectedBooth=1618
Next Wave CNC,"600 West Boundary Perrysburg, OH 43551United States",1623,fax not availabl,(419) 320-3039,http://www.nextwavecnc.com/,Twitter not availabl,Facebook not availabl,Instagram not availabl,Linkedin not availabl,https://awfsfair25.mapyourshow.com/8_0/floorplan/index.cfm?hallID=A&selectedBooth=1623
Koch LP,"106 Northpoint PKWY STE 4000 Acworth, GA 30102USA",1629,(678) 444-5100,(678) 444-5000,website not availabl,Twitter not availabl,Facebook not availabl,Instagram not availabl,Linkedin not availabl,https://awfsfair25.mapyourshow.com/8_0/floorplan/index.cfm?hallID=A&selectedBooth=1629
Mintech Inc.,"9380 7th St. Ste A Rancho Cucamonga, CA 91730USA",1657,fax not availabl,(909) 755-1011,http://www.mintechcnc.com/,Twitter not availabl,Facebook not availabl,Instagram not availabl,Linkedin not availabl,https://awfsfair25.mapyourshow.com/8_0/floorplan/index.cfm?hallID=A&selectedBooth=1657
"Burkle North America, Inc.","4501 Green Point Drive, Suite 108 Greensboro, NC 27410USA",1663,fax not availabl,(336) 660-2701,http://www.burkle.tech/,Twitter not availabl,Facebook not availabl,Instagram not availabl,Linkedin not availabl,https://awfsfair25.mapyourshow.com/8_0/floorplan/index.cfm?hallID=A&selectedBooth=1663
"Yes Media Co., Ltd.","02 Floor, Rosana Tower, No 60 Nguyen Dinh Chieu Str., Ho Chi Minh City, 70000Vietnam",1670,84 28 2220 2201,84 909 132 668,https://vietnammanufacturers.vn/en,Twitter not availabl,Facebook not availabl,Instagram not availabl,Linkedin not availabl,https://awfsfair25.mapyourshow.com/8_0/floorplan/index.cfm?hallID=A&selectedBooth=1670
"United Service Organizations, Inc. (USO)","5757 Wayne Newton Road Las Vegas, NV 89119USA",1673,fax not availabl,(702) 497-3746,http://www.nevada.uso.org/,Twitter not availabl,Facebook not availabl,Instagram not availabl,Linkedin not availabl,https://awfsfair25.mapyourshow.com/8_0/floorplan/index.cfm?hallID=A&selectedBooth=1673
SNX Technologies,"315 Industrial Drive Sauk Rapids, MN 56379USA",1701,(320) 258-0801,(320) 267-2659,http://www.snxtechnologies.com/,Twitter not availabl,Facebook not availabl,Instagram not availabl,Linkedin not availabl,https://awfsfair25.mapyourshow.com/8_0/floorplan/index.cfm?hallID=A&selectedBooth=1701
HafcoVac,"301 Greenwood Ave Midland Park, NJ 07432USA",1712,(201) 447-1065,(201) 447-0433,website not availabl,Twitter not availabl,Facebook not availabl,Instagram not availabl,Linkedin not availabl,https://awfsfair25.mapyourshow.com/8_0/floorplan/index.cfm?hallID=A&selectedBooth=1712
Total Finishing Solutions,"770 E Opal Ct Hermiston, OR 97838USA",1713,fax not availabl,(503) 753-5131,http://www.totalfinishingsolutions.com/,Twitter not availabl,Facebook not availabl,Instagram not availabl,Linkedin not availabl,https://awfsfair25.mapyourshow.com/8_0/floorplan/index.cfm?hallID=A&selectedBooth=1713
Colombo USA,"1500 River Drive Suite 255 Belmont, NC 28012USA",1716,fax not availabl,(704) 962-9644,website not availabl,Twitter not availabl,Facebook not availabl,Instagram not availabl,Linkedin not availabl,https://awfsfair25.mapyourshow.com/8_0/floorplan/index.cfm?hallID=A&selectedBooth=1716
"Komo Machine, Inc.","1 Komo Drive Lakewood, NJ 08701USA",1723,(732) 579-5443,(800) 255-5670,https://komo.com/,Twitter not availabl,Facebook not availabl,Instagram not availabl,Linkedin not availabl,https://awfsfair25.mapyourshow.com/8_0/floorplan/index.cfm?hallID=A&selectedBooth=1723
KATAY MAKINE MUH. OTOMOTIV SAN. VE TIC. LTD. STI.,"75. YIL OSB MAH. 109. CAD. NO:9 ODUNPAZARI ESKISEHIR, ESKISEHIR 26250Turkey",1735,fax not availabl,9.02222E+11,http://www.katay.com.tr/,Twitter not availabl,Facebook not availabl,Instagram not availabl,Linkedin not availabl,https://awfsfair25.mapyourshow.com/8_0/floorplan/index.cfm?hallID=A&selectedBooth=1735
Vanguard Digital Printing Systems,"2410 Tech Center Parkway, Ste 125 Lawrenceville, GA 30043United States of America",1739,fax not availabl,4703263790,https://vanguarddigital.com/,Twitter not availabl,https://www.facebook.com/vanguarddigital,https://www.instagram.com/vanguarddigital/,https://www.linkedin.com/company/vanguard-digital-printing-systems/,https://awfsfair25.mapyourshow.com/8_0/floorplan/index.cfm?hallID=A&selectedBooth=1739
Vecoplan,"5708 Uwharrie Rd Archdale, NC 27263-4168United States of America",1747,fax not availabl,3368616070,http://www.vecoplan.com/,Twitter not availabl,Facebook not availabl,Instagram not availabl,Linkedin not availabl,https://awfsfair25.mapyourshow.com/8_0/floorplan/index.cfm?hallID=A&selectedBooth=1747
"Maksiwa International, Inc.","990 South Rogers Circle #11 Boca Raton, Florida 33487United States",1755,fax not availabl,7542056717,http://www.maksiwa.com/,Twitter not availabl,Facebook not availabl,Instagram not availabl,Linkedin not availabl,https://awfsfair25.mapyourshow.com/8_0/floorplan/index.cfm?hallID=A&selectedBooth=1755
Vectric Ltd,"Precision House, 2 Arden Road Alcester, Warwickshire B49 GHNUnited Kingdom",1763,fax not availabl,44 1527 850 323,https://www.vectric.com/,Twitter not availabl,Facebook not availabl,Instagram not availabl,Linkedin not availabl,https://awfsfair25.mapyourshow.com/8_0/floorplan/index.cfm?hallID=A&selectedBooth=1763
Ascentium Capital,"23970 Highway 59 North Kingwood, TX 77339USA",1765,(281) 921-3544,(281) 902-1444,http://www.ascentiumcapital.com/,Twitter not availabl,Facebook not availabl,Instagram not availabl,Linkedin not availabl,https://awfsfair25.mapyourshow.com/8_0/floorplan/index.cfm?hallID=A&selectedBooth=1765
Flexaust Company,"1510 Armstrong Rd, Po Box 4275 Warsaw, IN 46581USA",1835,(800) 382-8464,(574) 371-3217,https://www.flexaust.com/,Twitter not availabl,https://www.facebook.com/profile.php?id=100063543581089,Instagram not availabl,https://www.linkedin.com/company/2085947/admin/dashboard/,https://awfsfair25.mapyourshow.com/8_0/floorplan/index.cfm?hallID=A&selectedBooth=1835
"Jiangsu HQD Spindle Motor Co., Ltd.","No. 11 Zhongyang Road, Zhenxi Industry Zone, Henglin Town, Wujin District Changzhou, Jiangsu 213103China",1839,0086-519-88726795,0086-519-88721728,http://www.han-qi.com/,Twitter not availabl,Facebook not availabl,Instagram not availabl,Linkedin not availabl,https://awfsfair25.mapyourshow.com/8_0/floorplan/index.cfm?hallID=A&selectedBooth=1839
"Flamex, Inc.","4365 Federal Drive Greensboro, NC 27410USA",1841,(336) 299-2944,(336) 299-2933,website not availabl,Twitter not availabl,Facebook not availabl,Instagram not availabl,Linkedin not availabl,https://awfsfair25.mapyourshow.com/8_0/floorplan/index.cfm?hallID=A&selectedBooth=1841
"ShopBot Tools, Inc.","3333 Industrial Dr. Durham, NC 27704USA",1847,(919) 680-4900,(919) 680-4800,website not availabl,Twitter not availabl,Facebook not availabl,Instagram not availabl,Linkedin not availabl,https://awfsfair25.mapyourshow.com/8_0/floorplan/index.cfm?hallID=A&selectedBooth=1847
7robotics,"4380 N Umpqua Hwy Roseburg, OR 97470USA",1863,fax not availabl,(541) 236-7105,http://7robotics.com/,Twitter not availabl,https://www.facebook.com/7robotics,https://www.instagram.com/7robotics,https://www.linkedin.com/company/7robotics,https://awfsfair25.mapyourshow.com/8_0/floorplan/index.cfm?hallID=A&selectedBooth=1863
"Well Run Technology CO., LTD","No. 10, Keji 3rd Rd. Anna Dist Tainan City, Taiwan 70955",1864,88663842139,88663842175,http://www.wellrun.com.tw/,Twitter not availabl,Facebook not availabl,Instagram not availabl,Linkedin not availabl,https://awfsfair25.mapyourshow.com/8_0/floorplan/index.cfm?hallID=A&selectedBooth=1864
Rodman Drill,"7210 Jordan Ave #D-5 Canoga Park, CA 91303USA",1865,fax not availabl,8182682945,http://www.rodmandrill.com/,Twitter not availabl,Facebook not availabl,Instagram not availabl,Linkedin not availabl,https://awfsfair25.mapyourshow.com/8_0/floorplan/index.cfm?hallID=A&selectedBooth=1865
Voorwood Company,"2350 Barney St. Anderson, CA 96007USA",1901,(530) 365-6674,(530) 365-3311,http://www.voorwood.com/,Twitter not availabl,Facebook not availabl,Instagram not availabl,Linkedin not availabl,https://awfsfair25.mapyourshow.com/8_0/floorplan/index.cfm?hallID=A&selectedBooth=1901
"Better Vacuum Cups, Inc.","215 Hershey Street Pomona, CA 91767USA",1913,fax not availabl,9096060140,https://bettervacuumcups.com/,https://twitter.com/BetterVacuumCup,https://www.facebook.com/Greenbvc/,https://www.instagram.com/bettervacuumcups/,https://www.linkedin.com/company/better-vacuum-cups-inc./,https://awfsfair25.mapyourshow.com/8_0/floorplan/index.cfm?hallID=A&selectedBooth=1913
RUF Briquetting Systems,"771 Sugar Lane Elyria, Ohio 44035USA",1917,(440) 328-4626,(440) 779-2747,https://www.ruf-briquetter.com/,Twitter not availabl,Facebook not availabl,Instagram not availabl,Linkedin not availabl,https://awfsfair25.mapyourshow.com/8_0/floorplan/index.cfm?hallID=A&selectedBooth=1917
"Dynabrade, Inc.","8989 Sheridan Drive Clarence, NY 14031USA",1923,(716) 631-2073,(716) 631-0100,website not availabl,Twitter not availabl,Facebook not availabl,Instagram not availabl,Linkedin not availabl,https://awfsfair25.mapyourshow.com/8_0/floorplan/index.cfm?hallID=A&selectedBooth=1923
Unimak Muh. Hiz. Ve Mak. San. Tic. Ltd. Stl,"Tuzla Kimya Sanayicileri O.S.B. Analitik CD No. 40 Aydinli, Tuzla Istanbul, Istanbul 34956Turkey",1931,0090 216 593 14 26,0090 216 593 15 80,http://www.unimak.tc/,Twitter not availabl,Facebook not availabl,Instagram not availabl,Linkedin not availabl,https://awfsfair25.mapyourshow.com/8_0/floorplan/index.cfm?hallID=A&selectedBooth=1931
"Kleiberit Adhesives USA, Inc.","109-B Howie Mine Road, P.O. Box 1319 Waxhaw, NC 28173USA",1947,(704) 843-4930,(704) 843-3339,website not availabl,Twitter not availabl,Facebook not availabl,Instagram not availabl,Linkedin not availabl,https://awfsfair25.mapyourshow.com/8_0/floorplan/index.cfm?hallID=A&selectedBooth=1947
Giardina USA,"4850 Crittenden Drive Suite 4B Louisville, KY 40209USA",1955,(502) 361-2003,(502) 361-1003,http://www.giardinausa.com/,Twitter not availabl,Facebook not availabl,Instagram not availabl,Linkedin not availabl,https://awfsfair25.mapyourshow.com/8_0/floorplan/index.cfm?hallID=A&selectedBooth=1955
PantoRouter,"20580 South May Rd Oregon City, OR 97045USA",1963,(877) 333-7150,(503) 650-9833,website not availabl,Twitter not availabl,Facebook not availabl,Instagram not availabl,Linkedin not availabl,https://awfsfair25.mapyourshow.com/8_0/floorplan/index.cfm?hallID=A&selectedBooth=1963
JKL Machinery,"7795 Lochlin Dr. Brighton, MI 48116USA",2000,fax not availabl,(248) 491-3511,website not availabl,Twitter not availabl,Facebook not availabl,Instagram not availabl,Linkedin not availabl,https://awfsfair25.mapyourshow.com/8_0/floorplan/index.cfm?hallID=A&selectedBooth=2000
Gibbs Group NA,"1039 Brockton Road Jefferson, GA 30549USA",2013,(603) 415-2645,770-842-2539,https://gibbsgroupna.com/,Twitter not availabl,Facebook not availabl,Instagram not availabl,Linkedin not availabl,https://awfsfair25.mapyourshow.com/8_0/floorplan/index.cfm?hallID=A&selectedBooth=2013
ENTECCO Filter Technology,"200 Kapp St Winston-Salem, NC 27105USA",2017,fax not availabl,(336) 989-3012,http://www.entecco.com/,Twitter not availabl,Facebook not availabl,Instagram not availabl,https://www.linkedin.com/company/14798352/admin/feed/posts/,https://awfsfair25.mapyourshow.com/8_0/floorplan/index.cfm?hallID=A&selectedBooth=2017
Leitz Tooling Systems LP,"4301 East Paris Ave. SE Grand Rapids, MI 49512USA",2023,(616) 698-2431,(616) 431-4072,website not availabl,Twitter not availabl,Facebook not availabl,Instagram not availabl,Linkedin not availabl,https://awfsfair25.mapyourshow.com/8_0/floorplan/index.cfm?hallID=A&selectedBooth=2023
Wood-Mizer LLC,"8180 West 10th Street Indianapolis, IN 46214USA",2025,(317) 273-1011,800-553-0182,https://woodmizer.com/us,https://twitter.com/woodmizer_usa,https://www.facebook.com/WoodMizerUSA/,https://www.instagram.com/woodmizer/,https://www.linkedin.com/company/wood-mizer-products/,https://awfsfair25.mapyourshow.com/8_0/floorplan/index.cfm?hallID=A&selectedBooth=2025
NuTek Machinery,"24300 Solon Rd Suite I Bedford, OH 44146USA",2033,fax not availabl,(216) 904-0215,http://www.nutekmachinery.com/,Twitter not availabl,Facebook not availabl,Instagram not availabl,Linkedin not availabl,https://awfsfair25.mapyourshow.com/8_0/floorplan/index.cfm?hallID=A&selectedBooth=2033
SurfPrep Sanding,"571 Birch St. Lake Elsinore, CA 92530USA",2047,(951)245-4299,(951) 452-9667,website not availabl,Twitter not availabl,Facebook not availabl,Instagram not availabl,Linkedin not availabl,https://awfsfair25.mapyourshow.com/8_0/floorplan/index.cfm?hallID=A&selectedBooth=2047
"Preston Machinery, LLC","1933 125th Ave. Hopkins, MI 49328USA",2053,fax not availabl,(269) 685-7591,website not availabl,Twitter not availabl,Facebook not availabl,Instagram not availabl,Linkedin not availabl,https://awfsfair25.mapyourshow.com/8_0/floorplan/index.cfm?hallID=A&selectedBooth=2053
Green Fast Cure LLC,"3516 E US HWY 50 WASHINGTON, IN 47501USA",2059,(812) 486 2714,8123098757,http://www.greenfastcure.com/,Twitter not availabl,Facebook not availabl,Instagram not availabl,Linkedin not availabl,https://awfsfair25.mapyourshow.com/8_0/floorplan/index.cfm?hallID=A&selectedBooth=2059
H.M.T. Manufacturing Inc,"2323 Commonwealth Ave. North Chicago, IL 60064USA",2063,(847) 473-2349,(847) 473-2310,http://www.hmtmfg.com/,Twitter not availabl,Facebook not availabl,Instagram not availabl,Linkedin not availabl,https://awfsfair25.mapyourshow.com/8_0/floorplan/index.cfm?hallID=A&selectedBooth=2063
Envirolak Coatings,"4800 Eastgate Parkway Mississauga, ON L4W 3W6Canada",2071,(905) 629-7865,(905) 629-7007,http://www.envirolak.com/,Twitter not availabl,Facebook not availabl,Instagram not availabl,Linkedin not availabl,https://awfsfair25.mapyourshow.com/8_0/floorplan/index.cfm?hallID=A&selectedBooth=2071
Taco Tools,"1500 W. Copans Rd. Suite A8 Pompano Beach, FL 33073United States of America",2075,fax not availabl,754-308-1576,http://www.tacotools.com/,Twitter not availabl,Facebook not availabl,Instagram not availabl,Linkedin not availabl,https://awfsfair25.mapyourshow.com/8_0/floorplan/index.cfm?hallID=A&selectedBooth=2075
"TAWI USA, Inc.","380 Internationale Dr., Suite A Bolingbrook, IL 60440United States",2123,fax not availabl,(630) 6552905,http://www.tawi.com/,Twitter not availabl,Facebook not availabl,Instagram not availabl,Linkedin not availabl,https://awfsfair25.mapyourshow.com/8_0/floorplan/index.cfm?hallID=A&selectedBooth=2123
Taurus Craco Machinery Inc.,"282 Orenda Rd Brampton, Ontario L6T4X6Canada",2159,(905) 451-2193,(905) 451-8430,http://www.tauruscraco.com/,Twitter not availabl,Facebook not availabl,Instagram not availabl,Linkedin not availabl,https://awfsfair25.mapyourshow.com/8_0/floorplan/index.cfm?hallID=A&selectedBooth=2159
Novalk Coatings,"Calle Huesca 5 Lucena, Cordoba 14900Spain",2171,fax not availabl,34957509829,http://www.novalk.es/,Twitter not availabl,Facebook not availabl,Instagram not availabl,Linkedin not availabl,https://awfsfair25.mapyourshow.com/8_0/floorplan/index.cfm?hallID=A&selectedBooth=2171
Northwood Machine Manufacturing Co,"11610 Commonwealth Dr. Louisville, KY 40299USA",2212,(502) 267-2332,(502) 267-5504,website not availabl,Twitter not availabl,Facebook not availabl,Instagram not availabl,Linkedin not availabl,https://awfsfair25.mapyourshow.com/8_0/floorplan/index.cfm?hallID=A&selectedBooth=2212
imos AG,"Planckstraße 24 Herford, North Rhine Westfalia 32052Germany",2227,fax not availabl,0049 5221 976 0,https://www.imos3d.com/en/,Twitter not availabl,https://www.facebook.com/imosAg/,https://www.instagram.com/imos_ag/,https://www.linkedin.com/company/imos-ag/,https://awfsfair25.mapyourshow.com/8_0/floorplan/index.cfm?hallID=A&selectedBooth=2227
James L. Taylor Mfg.,"130 Salt Point Turnpike Poughkeepsie, NY 12603USA",2246,(845) 452-0764,(845) 452-3780,http://www.jamesltaylor.com/,Twitter not availabl,Facebook not availabl,Instagram not availabl,Linkedin not availabl,https://awfsfair25.mapyourshow.com/8_0/floorplan/index.cfm?hallID=A&selectedBooth=2246
Schmalz Inc.,"5850 Oak Forest Drive Raleigh, NC 27616USA",2300,(919) 713-0883,(919) 865-0566,http://www.schmalz.com/,Twitter not availabl,Facebook not availabl,Instagram not availabl,Linkedin not availabl,https://awfsfair25.mapyourshow.com/8_0/floorplan/index.cfm?hallID=A&selectedBooth=2300
Tufbuilt Hardware Inc.,"4002 S Ross Ln Chanute, KS 66720USA",2312,fax not availabl,1877-733-5883,http://www.tufbuilthhardware.com/,Twitter not availabl,Facebook not availabl,Instagram not availabl,Linkedin not availabl,https://awfsfair25.mapyourshow.com/8_0/floorplan/index.cfm?hallID=A&selectedBooth=2312
SonicAire,"3831 Kimwelll lDrive Winston Salem, NC 27103USA",2316,fax not availabl,(336) 712-2437,website not availabl,Twitter not availabl,Facebook not availabl,Instagram not availabl,Linkedin not availabl,https://awfsfair25.mapyourshow.com/8_0/floorplan/index.cfm?hallID=A&selectedBooth=2316
Castle USA,"1364 N. McDowell Blvd. Ste.1 Petaluma, CA 94954USA",2322,(707) 765-0953,(707) 765-0982,website not availabl,Twitter not availabl,Facebook not availabl,Instagram not availabl,Linkedin not availabl,https://awfsfair25.mapyourshow.com/8_0/floorplan/index.cfm?hallID=A&selectedBooth=2322
"Timesavers, LLC","11123 89th Ave North Maple Grove, MN 55369United States of America",2323,fax not availabl,7634886600,http://timesaversinc.com/,Twitter not availabl,Facebook not availabl,Instagram not availabl,Linkedin not availabl,https://awfsfair25.mapyourshow.com/8_0/floorplan/index.cfm?hallID=A&selectedBooth=2323
Leasing Resources Inc.,"19607 W Catawba Ave, Suite 103 Cornelius, NC 28031USA",2332,(888) 685-1416,(704) 895-8888,http://www.goleasing.com/,Twitter not availabl,Facebook not availabl,Instagram not availabl,Linkedin not availabl,https://awfsfair25.mapyourshow.com/8_0/floorplan/index.cfm?hallID=A&selectedBooth=2332
"Dodds Company, Alexander","1740 Chicago Dr SW Wyoming, MI 49519USA",2333,(616) 784-8329,(616) 784-6000,website not availabl,Twitter not availabl,Facebook not availabl,Instagram not availabl,Linkedin not availabl,https://awfsfair25.mapyourshow.com/8_0/floorplan/index.cfm?hallID=A&selectedBooth=2333
"RazorGage, Technical Services, Inc","57006 241st Street Ames, IA 50010USA",2338,(515) 232-2953,(515) 232-3188,https://razorgage.com/,Twitter not availabl,Facebook not availabl,Instagram not availabl,Linkedin not availabl,https://awfsfair25.mapyourshow.com/8_0/floorplan/index.cfm?hallID=A&selectedBooth=2338
Felder Group USA,"2 Lukens Drive Suite 300 New Castle, DE 19720USA",2346,(302) 322-9865,(866) 792-5288,http://www.feldergroupusa.com/,Twitter not availabl,Facebook not availabl,Instagram not availabl,Linkedin not availabl,https://awfsfair25.mapyourshow.com/8_0/floorplan/index.cfm?hallID=A&selectedBooth=2346
"All Star CNC Products, Inc","13355 Grass Valley Ave, Suite B Grass Vally, CA 95945USA",2358,5306152273,(800) 878-7827,website not availabl,Twitter not availabl,Facebook not availabl,Instagram not availabl,Linkedin not availabl,https://awfsfair25.mapyourshow.com/8_0/floorplan/index.cfm?hallID=A&selectedBooth=2358
BARBERAN S.A,"Galileo 3-9 Castelldefels, NA 08860Spain",2370,34.93.636.15.55,011 34 93 635 08 10,website not availabl,Twitter not availabl,Facebook not availabl,Instagram not availabl,Linkedin not availabl,https://awfsfair25.mapyourshow.com/8_0/floorplan/index.cfm?hallID=A&selectedBooth=2370
Black Bros. Co.,"501 9th Ave Mendota, IL 61342USA",2400,(815) 538-2451,(815) 539-7451,http://www.blackbros.com/,Twitter not availabl,Facebook not availabl,Instagram not availabl,Linkedin not availabl,https://awfsfair25.mapyourshow.com/8_0/floorplan/index.cfm?hallID=A&selectedBooth=2400
COIMA USA/Total Air Energy Group,"727 S. Kenyon St. Seattle, WA 98108USA",2412,(206) 892-9644,(206) 454-7070,website not availabl,Twitter not availabl,Facebook not availabl,Instagram not availabl,Linkedin not availabl,https://awfsfair25.mapyourshow.com/8_0/floorplan/index.cfm?hallID=A&selectedBooth=2412
Giben America,"1000 Satellite Blvd STE 101 Suwanee, GA 30024USA",2433,(770) 448-9133,(770) 448-9140,website not availabl,Twitter not availabl,Facebook not availabl,Instagram not availabl,Linkedin not availabl,https://awfsfair25.mapyourshow.com/8_0/floorplan/index.cfm?hallID=A&selectedBooth=2433
Equipment Ltd,"PO Box 3508 Hickory, NC 28603United States of America",2459,8283224928,8283288104,https://www.sawgrinder.com/,Twitter not availabl,https://www.facebook.com/EquipmentLtd,https://www.instagram.com/equipment_ltd/?hl=en,Linkedin not availabl,https://awfsfair25.mapyourshow.com/8_0/floorplan/index.cfm?hallID=A&selectedBooth=2459
Jowat Corporation,"5608 Uwharrie Rd Archdale, NC 27263USA",2463,(336) 434-9019,(336) 434-9102,http://www.jowat.com/,Twitter not availabl,Facebook not availabl,Instagram not availabl,Linkedin not availabl,https://awfsfair25.mapyourshow.com/8_0/floorplan/index.cfm?hallID=A&selectedBooth=2463
Edwards Storage Systems,"346 Neeb Rd. Cincinnati, OH 45233USA",2468,fax not availabl,(513) 518-5257,http://www.edwardsstorage.net/,Twitter not availabl,Facebook not availabl,Instagram not availabl,Linkedin not availabl,https://awfsfair25.mapyourshow.com/8_0/floorplan/index.cfm?hallID=A&selectedBooth=2468
General Finishes,"2462 Corporate Circle East Troy, WI 53120USA",2469,(262) 642-4707,(800) 783-6050,website not availabl,Twitter not availabl,Facebook not availabl,Instagram not availabl,Linkedin not availabl,https://awfsfair25.mapyourshow.com/8_0/floorplan/index.cfm?hallID=A&selectedBooth=2469
Prodim USA,"7454 Commercial Circle Fort Pierce, FL 34951USA",2470,(772) 465-8700,6786990732,https://www.prodim-systems.com/,Twitter not availabl,Facebook not availabl,Instagram not availabl,Linkedin not availabl,https://awfsfair25.mapyourshow.com/8_0/floorplan/index.cfm?hallID=A&selectedBooth=2470
Teknomotor SRL,"Via Argenega, 31 Quero Vas, BL 32038Italy",2473,39 0439 780147,39 0439 787950,http://www.teknomotor.com/,Twitter not availabl,Facebook not availabl,Instagram not availabl,Linkedin not availabl,https://awfsfair25.mapyourshow.com/8_0/floorplan/index.cfm?hallID=A&selectedBooth=2473
Laguna Tools Inc.,"744 Refuge Way Grand Prairie, TX 75050USA",2500,fax not availabl,(800) 234-1976,website not availabl,Twitter not availabl,Facebook not availabl,Instagram not availabl,Linkedin not availabl,https://awfsfair25.mapyourshow.com/8_0/floorplan/index.cfm?hallID=A&selectedBooth=2500
Weima America Inc.,"3678 Centre Circle Fort Mill, SC 29715USA",2516,(803) 802-7098,(803) 802-7170,website not availabl,Twitter not availabl,Facebook not availabl,Instagram not availabl,Linkedin not availabl,https://awfsfair25.mapyourshow.com/8_0/floorplan/index.cfm?hallID=A&selectedBooth=2516
Thermwood Corporation,"904 Buffaloville Rd Dale, IN 47523USA",2523,(812) 937-2956,(800) 533-6901,http://www.thermwood.com/,https://twitter.com/thermwood,https://www.facebook.com/thermwood,https://www.instagram.com/thermwood/,https://www.linkedin.com/company/thermwood-corporation/,https://awfsfair25.mapyourshow.com/8_0/floorplan/index.cfm?hallID=A&selectedBooth=2523
Anderson America Corporation,"10620 Southern Loop Blvd Pineville, NC 28134USA",2533,fax not availabl,(704) 522-1823,website not availabl,Twitter not availabl,Facebook not availabl,Instagram not availabl,Linkedin not availabl,https://awfsfair25.mapyourshow.com/8_0/floorplan/index.cfm?hallID=A&selectedBooth=2533
Akins - Gannomat Div. Wurth Baer Supply Co.,"9 Delta Drive, Unit F Londonderry, NH 03053USA",2547,(603) 616-6202,(603) 216-6201,http://akinsmachinery.com/,Twitter not availabl,Facebook not availabl,Instagram not availabl,Linkedin not availabl,https://awfsfair25.mapyourshow.com/8_0/floorplan/index.cfm?hallID=A&selectedBooth=2547
Cefla North America,"6125 Harris Technology Blvd. Charlotte, NC 28269USA",2559,fax not availabl,9808750072,https://www.ceflafinishing.com/en/,Twitter not availabl,Facebook not availabl,Instagram not availabl,Linkedin not availabl,https://awfsfair25.mapyourshow.com/8_0/floorplan/index.cfm?hallID=A&selectedBooth=2559
"MILESI- IVM Chemicals, Inc.","501 Mitchell Road Glendale Heights, IL 60139USA",2571,fax not availabl,(630) 866-2050,https://www.milesi.com/en/,Twitter not availabl,Facebook not availabl,Instagram not availabl,Linkedin not availabl,https://awfsfair25.mapyourshow.com/8_0/floorplan/index.cfm?hallID=A&selectedBooth=2571
LMT Onsrud,"1081 S. Northpoint Blvd Waukegan, IL 60085USA",2617,(847) 473-1934,(847) 362-1560,http://www.onsrud.com/,Twitter not availabl,Facebook not availabl,Instagram not availabl,Linkedin not availabl,https://awfsfair25.mapyourshow.com/8_0/floorplan/index.cfm?hallID=A&selectedBooth=2617
"Maggi - J&G, Div. Wurth Baer Supply Co","2127 Boone Trail Rd. Sanford, NC 27330USA",2669,(919) 775-3667,(919) 770-0416,http://www.maggiusa.com/,Twitter not availabl,Facebook not availabl,Instagram not availabl,Linkedin not availabl,https://awfsfair25.mapyourshow.com/8_0/floorplan/index.cfm?hallID=A&selectedBooth=2669
"C.R. Onsrud, Inc.","120 Technology Drive Troutman, NC 28166USA",2701,(704) 528-6170,(704) 508-7000,http://www.cronsrud.com/,Twitter not availabl,Facebook not availabl,Instagram not availabl,Linkedin not availabl,https://awfsfair25.mapyourshow.com/8_0/floorplan/index.cfm?hallID=A&selectedBooth=2701
Adwood Corporation,"260 Durand Ave. High Point, NC 27263USA",2711,(336) 841-6493,(336) 884-1846,http://www.adwood.com/,Twitter not availabl,Facebook not availabl,Instagram not availabl,Linkedin not availabl,https://awfsfair25.mapyourshow.com/8_0/floorplan/index.cfm?hallID=A&selectedBooth=2711
Colonial Saw,"122 Pembroke Street, Kingston, MA, USA Kingston, MA 02364USA",2716,(781) 585-9375,7815854364,https://www.csaw.com/,Twitter not availabl,https://www.facebook.com/Colonialsaw,https://www.instagram.com/colonialsaw/,https://www.linkedin.com/company/colonial-saw/mycompany/?,https://awfsfair25.mapyourshow.com/8_0/floorplan/index.cfm?hallID=A&selectedBooth=2716
Colonial Saw,"122 Pembroke Street, Kingston, MA, USA Kingston, MA 02364USA",2716,(781) 585-9375,7815854364,https://www.csaw.com/,Twitter not availabl,https://www.facebook.com/Colonialsaw,https://www.instagram.com/colonialsaw/,https://www.linkedin.com/company/colonial-saw/mycompany/?,https://awfsfair25.mapyourshow.com/8_0/floorplan/index.cfm?hallID=A&selectedBooth=2717
Hiteco North America,"2475 Satellite Blvd Duluth, GA 30096United States of America",2723,fax not availabl,6783618635,http://www.hiteco.net/,Twitter not availabl,Facebook not availabl,Instagram not availabl,https://www.linkedin.com/company/hiteco-high-technology-components/mycompany/,https://awfsfair25.mapyourshow.com/8_0/floorplan/index.cfm?hallID=A&selectedBooth=2723
"Vortex Tool Co., Inc.","5605 E. Jelinek Ave. Schofield, WI 54476USA",2731,(715) 355-7353,(715) 581-7714,http://www.vortextool.com/,Twitter not availabl,https://www.facebook.com/vortextool,https://www.instagram.com/vortextoolcompany/,Linkedin not availabl,https://awfsfair25.mapyourshow.com/8_0/floorplan/index.cfm?hallID=A&selectedBooth=2731
SawStop,"11555 Myslony St. Tualatin, OR 97062USA",2737,(503) 570-3303,(503) 570-3200,website not availabl,Twitter not availabl,Facebook not availabl,Instagram not availabl,Linkedin not availabl,https://awfsfair25.mapyourshow.com/8_0/floorplan/index.cfm?hallID=A&selectedBooth=2737
Pillar Machine Inc.,"1810 West 5000 South Salt Lake City, UT 84129USA",2747,(801) 965-1811,(801) 965-1900 x305,http://www.pillarmachine.com/,Twitter not availabl,Facebook not availabl,Instagram not availabl,Linkedin not availabl,https://awfsfair25.mapyourshow.com/8_0/floorplan/index.cfm?hallID=A&selectedBooth=2747
Name not available,Address not available,Booth not available,fax not availabl,phone not availabl,website not availabl,Twitter not availabl,Facebook not availabl,Instagram not availabl,Linkedin not availabl,https://awfsfair25.mapyourshow.com/8_0/floorplan/index.cfm?hallID=A&selectedBooth=2755
EAM-Mosca Corp.,"675 Jaycee Drive Hazle Township, PA 18202USA",2761,(570) 455-2442,(570) 459-3426,http://www.eammosca.com/,Twitter not availabl,https://www.facebook.com/EamMoscaCorp,Instagram not availabl,https://www.linkedin.com/company/eam-mosca-corp-/posts/?feedView=all,https://awfsfair25.mapyourshow.com/8_0/floorplan/index.cfm?hallID=A&selectedBooth=2761
Combilift,"Annahagh Monaghan Co. Monaghan, NC H18 VP65Ireland",2769,fax not availabl,phone not availabl,http://www.combilift.com/,Twitter not availabl,Facebook not availabl,Instagram not availabl,Linkedin not availabl,https://awfsfair25.mapyourshow.com/8_0/floorplan/index.cfm?hallID=A&selectedBooth=2769
"Shandong River Wooden Co., LTD.","East ZhenXing Road, Tanyi Industrial Park, Fei County Linyi, Shandong 273400China",2773,fax not availabl,-2111341,http://www.riverwooden.com.cn/,Twitter not availabl,Facebook not availabl,Instagram not availabl,Linkedin not availabl,https://awfsfair25.mapyourshow.com/8_0/floorplan/index.cfm?hallID=A&selectedBooth=2773
Hoffmann Machine Company Inc.,"1386 Drexel Road Valdese, NC 28690USA",2809,(828) 430-4620,(828) 430-4510,website not availabl,Twitter not availabl,Facebook not availabl,Instagram not availabl,Linkedin not availabl,https://awfsfair25.mapyourshow.com/8_0/floorplan/index.cfm?hallID=A&selectedBooth=2809
Peak Toolworks,"1180 Wernsing Rd Jasper, IN 47546USA",2822,fax not availabl,1.800.457.7468,http://www.peaktoolworks.com/,Twitter not availabl,Facebook not availabl,Instagram not availabl,Linkedin not availabl,https://awfsfair25.mapyourshow.com/8_0/floorplan/index.cfm?hallID=A&selectedBooth=2822
"CabParts, Inc.","CabParts, Inc. 716 Arrowest Rd. GRAND JUNCTION, CO 81505USA",2823,(970) 241-7689,19702417682,https://cabparts.com/,Twitter not availabl,Facebook not availabl,Instagram not availabl,Linkedin not availabl,https://awfsfair25.mapyourshow.com/8_0/floorplan/index.cfm?hallID=A&selectedBooth=2823
"Kval, Inc.","825 Petaluma Blvd. South Petaluma, CA 94952USA",2825,(707) 762-0621,(800) 553-5825,website not availabl,Twitter not availabl,Facebook not availabl,Instagram not availabl,Linkedin not availabl,https://awfsfair25.mapyourshow.com/8_0/floorplan/index.cfm?hallID=A&selectedBooth=2825
Spring Tools,"2921 N University Ave Spokane, WA 99206USA",2826,(509) 926-7362,(800) 356-6966,website not availabl,Twitter not availabl,Facebook not availabl,Instagram not availabl,Linkedin not availabl,https://awfsfair25.mapyourshow.com/8_0/floorplan/index.cfm?hallID=A&selectedBooth=2826
GUHDO USA dba GDP Industrial Tooling,"1135 JVL Industrial Court Marietta, GA 30066USA",2830,(770) 592-1714,(800) 544-8436,http://www.guhdo.com/,Twitter not availabl,Facebook not availabl,Instagram not availabl,Linkedin not availabl,https://awfsfair25.mapyourshow.com/8_0/floorplan/index.cfm?hallID=A&selectedBooth=2830
Epilog Laser Corporation,"16371 Table Mountain Parkway Golden, CO 80403USA",2831,(303) 277-9669,(303) 277-1188,http://www.epiloglaser.com/,Twitter not availabl,Facebook not availabl,Instagram not availabl,Linkedin not availabl,https://awfsfair25.mapyourshow.com/8_0/floorplan/index.cfm?hallID=A&selectedBooth=2831
Charles G.G. Schmidt & Co. Inc.,"301 West Grand Ave Montvale, NJ 7645USA",2832,(201) 391-3565,(800) 724-6438,website not availabl,Twitter not availabl,Facebook not availabl,Instagram not availabl,Linkedin not availabl,https://awfsfair25.mapyourshow.com/8_0/floorplan/index.cfm?hallID=A&selectedBooth=2832
Ardis US Inc.,"1 Copley Parkway, Suite 220 Morrisville, NC 27560USA",2836,fax not availabl,(919) 746-7186,https://ardisus.com/,Twitter not availabl,Facebook not availabl,Instagram not availabl,Linkedin not availabl,https://awfsfair25.mapyourshow.com/8_0/floorplan/index.cfm?hallID=A&selectedBooth=2836
American Laminates,"3142 Talbot Ave Riverbank, CA 95367USA",2837,(209) 869-4040,(209) 869-2536,http://americanlaminates.com/,Twitter not availabl,Facebook not availabl,Instagram not availabl,Linkedin not availabl,https://awfsfair25.mapyourshow.com/8_0/floorplan/index.cfm?hallID=A&selectedBooth=2837
Nordfab Ducting,"150 Transit Avenue Thomasville, NC 27361USA",2838,(336) 889-7873,(336) 821-0801,http://www.nordfab.com/,Twitter not availabl,https://www.facebook.com/nordfabducting,Instagram not availabl,https://www.linkedin.com/company/nordfab-ducting/,https://awfsfair25.mapyourshow.com/8_0/floorplan/index.cfm?hallID=A&selectedBooth=2838
Triple Crown Products,"102 W. Boxhorn Dr. Mukwonago, WI 53149USA",2841,(262) 534-7879,(262) 534-7878,http://www.triplecrownproducts.com/,Twitter not availabl,Facebook not availabl,Instagram not availabl,Linkedin not availabl,https://awfsfair25.mapyourshow.com/8_0/floorplan/index.cfm?hallID=A&selectedBooth=2841
"Wintersteiger, Inc.","4705 Amelia Earhart Dr. Salt Lake City, UT 84116USA",2847,(801) 355-6541,(801) 355-6550,http://www.wintersteiger.com/,Twitter not availabl,Facebook not availabl,Instagram not availabl,Linkedin not availabl,https://awfsfair25.mapyourshow.com/8_0/floorplan/index.cfm?hallID=A&selectedBooth=2847
Kern Laser Systems,"1501 Industrial Drive Wadena, MN 56482USA",2855,(218) 631-3476,(218) 631-2755,website not availabl,Twitter not availabl,Facebook not availabl,Instagram not availabl,Linkedin not availabl,https://awfsfair25.mapyourshow.com/8_0/floorplan/index.cfm?hallID=A&selectedBooth=2855
"Air & Water Systems, LLC","1076 -B Van Buren Ave Indian Trail, NC 28079USA",2861,(704) 588-2604,(704) 588-2603,http://www.airandwatersystems.com/,Twitter not availabl,Facebook not availabl,Instagram not availabl,Linkedin not availabl,https://awfsfair25.mapyourshow.com/8_0/floorplan/index.cfm?hallID=A&selectedBooth=2861
Eagle Aluminum,"50 Medina Street South Loretto, MN 55357USA",2865,(763) 493-2990,(763) 493-2995,https://eagle-aluminum.com/,Twitter not availabl,Facebook not availabl,Instagram not availabl,Linkedin not availabl,https://awfsfair25.mapyourshow.com/8_0/floorplan/index.cfm?hallID=A&selectedBooth=2865
Morton Machine Works,"158 Dam Hill Road, PO Box 97 Millersburg, PA 17061USA",2868,(717) 692-2120,(800) 441-2751,http://www.mortonmachine.com/,Twitter not availabl,Facebook not availabl,Instagram not availabl,Linkedin not availabl,https://awfsfair25.mapyourshow.com/8_0/floorplan/index.cfm?hallID=A&selectedBooth=2868
Eze-Lap Diamond Products,"3572 Arrowhead Drive Carson City, NV 89706USA",2870,(775) 888-9555,(775) 888-9500,website not availabl,Twitter not availabl,Facebook not availabl,Instagram not availabl,Linkedin not availabl,https://awfsfair25.mapyourshow.com/8_0/floorplan/index.cfm?hallID=A&selectedBooth=2870
Kemichal,"via Dell'artigianato, 2 Trebaseleghe, Padua 35010Italy",2871,fax not availabl,18143511287,website not availabl,Twitter not availabl,Facebook not availabl,Instagram not availabl,Linkedin not availabl,https://awfsfair25.mapyourshow.com/8_0/floorplan/index.cfm?hallID=A&selectedBooth=2871
Architectural Woodwork Institute (AWI),"46179 Westlake Dr. Ste #120 Potomac Falls, VA 20165USA",2879,(571) 323-3623,(571) 323-3611,http://www.awinet.org/,Twitter not availabl,Facebook not availabl,Instagram not availabl,Linkedin not availabl,https://awfsfair25.mapyourshow.com/8_0/floorplan/index.cfm?hallID=A&selectedBooth=2879
DTC,"Room 1503, 15/f, 99 Plaza, 99 Tai Ho Road Tsuen Wan, N.T. Hong Kong, Hong Kong 00000China",2901,8.67573E+12,8.67573E+12,http://www.dtcdtc.com/,Twitter not availabl,Facebook not availabl,Instagram not availabl,Linkedin not availabl,https://awfsfair25.mapyourshow.com/8_0/floorplan/index.cfm?hallID=A&selectedBooth=2901
"SCILM America, Inc.","1835 E Hallandale Beach Blvd Suite 590 Hallandale Beach, Flor 33009USA",2909,(954) 281-5434,(954) 323-0123,website not availabl,Twitter not availabl,Facebook not availabl,Instagram not availabl,Linkedin not availabl,https://awfsfair25.mapyourshow.com/8_0/floorplan/index.cfm?hallID=A&selectedBooth=2909
Nederman,"4404-A Chesapeake Drive Charlotte, NC 28216USA",2917,fax not availabl,1-800-533-5286,https://www.nederman.com/en-us/,https://twitter.com/Nederman,https://www.facebook.com/NedermanHolding/,https://www.instagram.com/nederman_thecleanairco/,https://www.linkedin.com/company/nederman,https://awfsfair25.mapyourshow.com/8_0/floorplan/index.cfm?hallID=A&selectedBooth=2917
Invis by Lamello,"300 Spectrum Center Dr. #400 Irvine, CA 92618USA",2922,(877) 867-9019,(877) 867-9019,http://www.swissinvis.com/,Twitter not availabl,Facebook not availabl,Instagram not availabl,Linkedin not availabl,https://awfsfair25.mapyourshow.com/8_0/floorplan/index.cfm?hallID=A&selectedBooth=2922
"Great Lakes Custom Tool Mfg., Inc.","101 N. OLD PESHTIGO RD. Peshtigo, WI 54157United States of America",2923,fax not availabl,17155823884,website not availabl,Twitter not availabl,Facebook not availabl,Instagram not availabl,Linkedin not availabl,https://awfsfair25.mapyourshow.com/8_0/floorplan/index.cfm?hallID=A&selectedBooth=2923
"CIM-Tech.com, Inc.","7512 Dr. Phillips Blvd Suite 50-859 Orlando, FL 32819USA",2924,(866) 823-4366,(877) 549-8211,http://www.cim-tech.com/,Twitter not availabl,Facebook not availabl,Instagram not availabl,Linkedin not availabl,https://awfsfair25.mapyourshow.com/8_0/floorplan/index.cfm?hallID=A&selectedBooth=2924
UTILITY COMPOSITES INC. - Raptor Composite Fasteners,"888 County Road 108 Hutto, TX 78634USA",2925,512-846-4051,(512) 846-4027,https://www.raptornails.com/,Twitter not availabl,https://www.facebook.com/RAPTOR.Nails.Staples,Instagram not availabl,https://www.linkedin.com/in/raptor-nails-and-staples-b49885317/,https://awfsfair25.mapyourshow.com/8_0/floorplan/index.cfm?hallID=A&selectedBooth=2925
Wagner Meters,"326 Pine Grove Road Rogue River, OR 97537USA",2927,(541) 582-4138,(844) 808-8761,https://www.wagnermeters.com/,Twitter not availabl,Facebook not availabl,Instagram not availabl,Linkedin not availabl,https://awfsfair25.mapyourshow.com/8_0/floorplan/index.cfm?hallID=A&selectedBooth=2927
"Kaeser Compressors, Inc.","511 Sigma Drive Fredericksburg, VA 22408USA",2931,(540) 898-5520,(540) 898-5500,http://us.kaeser.com/,Twitter not availabl,Facebook not availabl,Instagram not availabl,Linkedin not availabl,https://awfsfair25.mapyourshow.com/8_0/floorplan/index.cfm?hallID=A&selectedBooth=2931
Bad Dog Tools,"24 Broadcommon Road Bristol, RI 2809USA",2936,(401) 253-1377,800-252-1330,https://baddogtools.com/,Twitter not availabl,https://www.facebook.com/BDTbaddogtools/,https://www.instagram.com/baddogtools/,Linkedin not availabl,https://awfsfair25.mapyourshow.com/8_0/floorplan/index.cfm?hallID=A&selectedBooth=2936
"Allmoxy, LLC","2411 Kiesel Ave. Suite 501 Ogden, UT 84401USA",2937,fax not availabl,(435) 230-4007,website not availabl,Twitter not availabl,Facebook not availabl,Instagram not availabl,Linkedin not availabl,https://awfsfair25.mapyourshow.com/8_0/floorplan/index.cfm?hallID=A&selectedBooth=2937
Techniks Tool Group,"9930 E. 56th St. Indianapolis, IN 46236USA",2938,(317) 803-8001,(317) 803-8013,http://www.technikusa.com/,Twitter not availabl,Facebook not availabl,Instagram not availabl,Linkedin not availabl,https://awfsfair25.mapyourshow.com/8_0/floorplan/index.cfm?hallID=A&selectedBooth=2938
GREX Power Tools,"1090 Monterey Pass Road Monterey Park, CA 91754USA",2947,(323) 318-2823,(323) 318-2828,http://www.grexusa.com/,Twitter not availabl,Facebook not availabl,Instagram not availabl,Linkedin not availabl,https://awfsfair25.mapyourshow.com/8_0/floorplan/index.cfm?hallID=A&selectedBooth=2947
Super Duty Fans,"P.o. Box 1119 Pilot Point Tx Pilot Point, FM 76258USA",2949,fax not availabl,19726896779,http://www.superdutyfans.com/,Twitter not availabl,Facebook not availabl,Instagram not availabl,Linkedin not availabl,https://awfsfair25.mapyourshow.com/8_0/floorplan/index.cfm?hallID=A&selectedBooth=2949
Dotul/Global Sales Group Inc.,"PO Box 1835 Chico, CA 95927USA",2955,(530) 893-2244,(530) 893-2444,website not availabl,Twitter not availabl,Facebook not availabl,Instagram not availabl,Linkedin not availabl,https://awfsfair25.mapyourshow.com/8_0/floorplan/index.cfm?hallID=A&selectedBooth=2955
Rubio Monocoat USA,"22111 State Highway 71 Ste 301 Spicewood, TX 78669United States",2960,fax not availabl,(844) 937-6862,http://www.rubiomonocoatusa.com/,Twitter not availabl,Facebook not availabl,Instagram not availabl,Linkedin not availabl,https://awfsfair25.mapyourshow.com/8_0/floorplan/index.cfm?hallID=A&selectedBooth=2960
"Fiberglass Coatings, Inc.","4301A 34th St. N Saint Petersburg, FL 33714USA",2961,(727) 327-6691,(888) 846-0588,http://www.superepoxysystems.com/,Twitter not availabl,Facebook not availabl,Instagram not availabl,Linkedin not availabl,https://awfsfair25.mapyourshow.com/8_0/floorplan/index.cfm?hallID=A&selectedBooth=2961
Happy Feet USA Inc.,"6441 S. Chickasaw Trail Unit 408 Orlando, Florida 32829United States of America",2964,fax not availabl,800.340.8195,http://www.happyfeet.net/,Twitter not availabl,Facebook not availabl,Instagram not availabl,Linkedin not availabl,https://awfsfair25.mapyourshow.com/8_0/floorplan/index.cfm?hallID=A&selectedBooth=2964
Calculated Industries,"4840 Hytech Dr. Carson City, NV 89706USA",2969,(775) 885-4949,(775) 885-4900,http://www.calculated.com/,Twitter not availabl,Facebook not availabl,Instagram not availabl,Linkedin not availabl,https://awfsfair25.mapyourshow.com/8_0/floorplan/index.cfm?hallID=A&selectedBooth=2969
"Apollo Sprayers International, Inc.","1030 Joshua Way Vista, CA 92081USA",3000,(760) 727-9325,(760) 727-9280,http://hvlp.com/,Twitter not availabl,Facebook not availabl,Instagram not availabl,Linkedin not availabl,https://awfsfair25.mapyourshow.com/8_0/floorplan/index.cfm?hallID=A&selectedBooth=3000
Cyncly,"550 3 Mile rd NW Grand Rapids, MI 49544USA",3001,(760) 235-4645,919-283-9271,https://www.cyncly.com/,Twitter not availabl,Facebook not availabl,Instagram not availabl,Linkedin not availabl,https://awfsfair25.mapyourshow.com/8_0/floorplan/index.cfm?hallID=A&selectedBooth=3001
American Fabric Filter Co.,"PO Box 7560 Wesley Chapel, FL 33543USA",3004,(813) 991-9700,(800) 367-3591,http://www.americanfabricfilter.com/,Twitter not availabl,Facebook not availabl,Instagram not availabl,Linkedin not availabl,https://awfsfair25.mapyourshow.com/8_0/floorplan/index.cfm?hallID=A&selectedBooth=3004
Richelieu Hardware Ltd.,"7900 Henri-Bourassa Blvd W Montreal, QC H4S 1V4Canada",3009,(514) 336-6896,(514)832-4010,http://www.richelieu.com/,Twitter not availabl,Facebook not availabl,Instagram not availabl,Linkedin not availabl,https://awfsfair25.mapyourshow.com/8_0/floorplan/index.cfm?hallID=A&selectedBooth=3009
Titebond,"2020 Bruck Street Columbus, OH 43207USA",3017,(614) 445-1813,6144451244,website not availabl,Twitter not availabl,Facebook not availabl,Instagram not availabl,Linkedin not availabl,https://awfsfair25.mapyourshow.com/8_0/floorplan/index.cfm?hallID=A&selectedBooth=3017
Williams & White Equipment,"6307 Laurel St. Burnaby, BC V5B 3B3Canada",3019,(604) 294-8354,(888) 293-2268,website not availabl,Twitter not availabl,Facebook not availabl,Instagram not availabl,Linkedin not availabl,https://awfsfair25.mapyourshow.com/8_0/floorplan/index.cfm?hallID=A&selectedBooth=3019
Richwood Industries,"2700 Buchanan Ave SW Grand Rapids, MI 49548United States of America",3022,616-243-2200,616-243-2700,http://www.richwoodind.com/,Twitter not availabl,Facebook not availabl,Instagram not availabl,Linkedin not availabl,https://awfsfair25.mapyourshow.com/8_0/floorplan/index.cfm?hallID=A&selectedBooth=3022
Rugby Hardwoods Paxton,"845 Intermodal Dr, Unit 3 Brampton, ON L6T 0C6Canada",3023,(602) 617-9106,(905) 792-6600,website not availabl,Twitter not availabl,Facebook not availabl,Instagram not availabl,Linkedin not availabl,https://awfsfair25.mapyourshow.com/8_0/floorplan/index.cfm?hallID=A&selectedBooth=3023
Hoodsly,"7830 Commerce Drive Denver, NC 28037United States of America",3031,fax not availabl,(877) 847-0405,http://www.hoodsly.com/,Twitter not availabl,Facebook not availabl,Instagram not availabl,Linkedin not availabl,https://awfsfair25.mapyourshow.com/8_0/floorplan/index.cfm?hallID=A&selectedBooth=3031
Fuji Spray,"800 Alness Street Toronto, ON M3J 2H5Canada",3037,(416) 981-3965,(416) 650-1430,http://www.fujispray.com/,Twitter not availabl,Facebook not availabl,Instagram not availabl,Linkedin not availabl,https://awfsfair25.mapyourshow.com/8_0/floorplan/index.cfm?hallID=A&selectedBooth=3037
"A&M Hardware, Inc.","1165 Strickler Road Mount Joy, PA. 17552USA",3047,(717) 664-4582,(888) 647-0200,http://www.aandmhardware.com/,Twitter not availabl,Facebook not availabl,Instagram not availabl,Linkedin not availabl,https://awfsfair25.mapyourshow.com/8_0/floorplan/index.cfm?hallID=A&selectedBooth=3047
FISCH,"Johann-Eberhard-Platz 1 St. Josef, Styria 8503Austria",3060,fax not availabl,43 3136 81119-0,http://www.fisch-tools.com/en,Twitter not availabl,Facebook not availabl,Instagram not availabl,Linkedin not availabl,https://awfsfair25.mapyourshow.com/8_0/floorplan/index.cfm?hallID=A&selectedBooth=3060
Pro-Drive Fasteners,"2764 Pleasant Rd. #10204 Fort Mill, NC 29708USA",3063,fax not availabl,(704) 736-5955,http://www.pro-drivefasteners.com/,Twitter not availabl,Facebook not availabl,Instagram not availabl,Linkedin not availabl,https://awfsfair25.mapyourshow.com/8_0/floorplan/index.cfm?hallID=A&selectedBooth=3063
Delmhorst Instrument Co.,"51 Indian Lane East Towaco, NJ 07082United States of America",3064,(973) 334-2657,(973) 334-2557,https://www.delmhorst.com/,https://twitter.com/DelmhorstCo,https://www.facebook.com/DelmhorstCo,Instagram not availabl,Linkedin not availabl,https://awfsfair25.mapyourshow.com/8_0/floorplan/index.cfm?hallID=A&selectedBooth=3064
Jiangmen Tianhao Hardware and Electric Appliance C,"Floor 14, Block 2, No. 8988 Jiangmen Ave. Pengjiang District Jiangmen, Guangdong 529000China",3069,fax not availabl,86 750 368 5332,http://www.ht-haits.com/,Twitter not availabl,Facebook not availabl,Instagram not availabl,Linkedin not availabl,https://awfsfair25.mapyourshow.com/8_0/floorplan/index.cfm?hallID=A&selectedBooth=3069
Franklin Adhesives & Polymers,"2020 Bruck Street Columbus, OH 43207USA",3117,(614) 445-1813,(800) 877-4583,website not availabl,Twitter not availabl,Facebook not availabl,Instagram not availabl,Linkedin not availabl,https://awfsfair25.mapyourshow.com/8_0/floorplan/index.cfm?hallID=A&selectedBooth=3117
Collins,"29100 SW Town Center Loop West, Suite 300 Wilsonville, OR 97070USA",3119,fax not availabl,(800) 329-1219,http://www.collinswood.com/,Twitter not availabl,https://www.facebook.com/CollinsCompanies,https://www.instagram.com/collinswood_1855/,https://www.linkedin.com/company/collinsco/,https://awfsfair25.mapyourshow.com/8_0/floorplan/index.cfm?hallID=A&selectedBooth=3119
"Crows Nest Software, Inc.","15679 SE Sweet Valentine Drive Happy Valley,, OR 97086USA",3131,fax not availabl,(360) 464-5260,website not availabl,Twitter not availabl,Facebook not availabl,Instagram not availabl,Linkedin not availabl,https://awfsfair25.mapyourshow.com/8_0/floorplan/index.cfm?hallID=A&selectedBooth=3131
CIC Coatings-Centurion Wood Coatings,"2935 Almeta LN McKinney, TX 75069USA",3136,(972) 837-8797,(972) 384-1280,http://www.ciccoatings.com/,Twitter not availabl,Facebook not availabl,Instagram not availabl,Linkedin not availabl,https://awfsfair25.mapyourshow.com/8_0/floorplan/index.cfm?hallID=A&selectedBooth=3136
"Tokyo Automach Co., Ltd.","2-7-10 Hatanodai Shinagawa-Ku Tokyo, ------- 142-0064Japan",3146,-6176,-6146,http://www.automach.com/pages/frame10/index-e.html,Twitter not availabl,Facebook not availabl,Instagram not availabl,Linkedin not availabl,https://awfsfair25.mapyourshow.com/8_0/floorplan/index.cfm?hallID=A&selectedBooth=3146
"EFICAD America, Inc.","10 Postoffice Square Boston, MA 02109USA",3147,fax not availabl,(617) 669-8755,website not availabl,Twitter not availabl,Facebook not availabl,Instagram not availabl,Linkedin not availabl,https://awfsfair25.mapyourshow.com/8_0/floorplan/index.cfm?hallID=A&selectedBooth=3147
CabMaster Software,"300-20 Holly St Toronto, Ontario M4S 3B1Canada",3148,fax not availabl,657-331-7331,https://cabmastersoftware.com/,Twitter not availabl,https://www.facebook.com/CabMaster/,https://www.instagram.com/cabmastersoftware/,https://www.linkedin.com/company/cabmaster-software/,https://awfsfair25.mapyourshow.com/8_0/floorplan/index.cfm?hallID=A&selectedBooth=3148
MOCKETT,"PO BOX 3333 MANHATTAN BEACH, CA 90266USA",3149,(800)235-7743,(800)523-1269,https://www.mockett.com/,Twitter not availabl,http://www.facebook.com/dougmockett/,http://instagram.com/dougmockett,https://www.linkedin.com/company/doug-mockett-and-company-inc,https://awfsfair25.mapyourshow.com/8_0/floorplan/index.cfm?hallID=A&selectedBooth=3149
"Wenzhou Lilong Decorative Hardware Co., LTD.","Room 412, 4th floor, No. 1780-1784, Wenzhou Avenue, Lucheng District Wenzhou, Zhejiang 325000China",3152,fax not availabl,-18857755930,https://wenzhoulilong.en.alibaba.com/,Twitter not availabl,Facebook not availabl,Instagram not availabl,Linkedin not availabl,https://awfsfair25.mapyourshow.com/8_0/floorplan/index.cfm?hallID=A&selectedBooth=3152
Fulterer USA,"542 Townsend Ave Fulterer USA High Point, NC 27263USA",3154,fax not availabl,3364048224,https://www.fultererusa.com/,Twitter not availabl,Facebook not availabl,Instagram not availabl,Linkedin not availabl,https://awfsfair25.mapyourshow.com/8_0/floorplan/index.cfm?hallID=A&selectedBooth=3154
"U.S. Jaclean, Inc.","1816 W. 135th St. Gardena, CA 90249USA",3155,(310) 538-4521,(310) 538-2298,https://www.daiwamassage.com/,Twitter not availabl,Facebook not availabl,Instagram not availabl,Linkedin not availabl,https://awfsfair25.mapyourshow.com/8_0/floorplan/index.cfm?hallID=A&selectedBooth=3155
Cimarron Drawer,"4628 Industry Center Drive Las Vegas, NV 89115USA",3158,(702) 221-8140,(702) 221-8110,http://www.cimarrondrawer.com/,Twitter not availabl,Facebook not availabl,Instagram not availabl,Linkedin not availabl,https://awfsfair25.mapyourshow.com/8_0/floorplan/index.cfm?hallID=A&selectedBooth=3158
Capella Hardware Company,"1570 N. Harmony Circle Anaheim, CA 92807USA",3161,(714) 693-2868,(714) 693-1868,http://capellahardware.com/,Twitter not availabl,Facebook not availabl,Instagram not availabl,Linkedin not availabl,https://awfsfair25.mapyourshow.com/8_0/floorplan/index.cfm?hallID=A&selectedBooth=3161
Big Ass Fans,"2348 Innovation Drive Lexington, KY 40511USA",3162,fax not availabl,(877) 244-3267,http://www.bigassfans.com/,Twitter not availabl,Facebook not availabl,Instagram not availabl,Linkedin not availabl,https://awfsfair25.mapyourshow.com/8_0/floorplan/index.cfm?hallID=A&selectedBooth=3162
ISOtunes,"873 West Carmel Drive Carmel, IN 46032USA",3163,fax not availabl,(317) 740-0419,https://isotunes.com/,Twitter not availabl,https://www.facebook.com/isotunes,https://www.instagram.com/isotunes,Linkedin not availabl,https://awfsfair25.mapyourshow.com/8_0/floorplan/index.cfm?hallID=A&selectedBooth=3163
Prevost Corp,"74 Brookfield Oaks Dr., Ste 3 Greenville, SC 29607USA",3168,fax not availabl,(864) 284-6425,https://prevostusa.com/,Twitter not availabl,Facebook not availabl,Instagram not availabl,Linkedin not availabl,https://awfsfair25.mapyourshow.com/8_0/floorplan/index.cfm?hallID=A&selectedBooth=3168
"Pinie Lubna, Spol. S.R.O.","Lubna 250 Lubna, Chezch Republic 27036Chezch Repbulic",3171,fax not availabl,420 736733474,http://www.pinie.cz/,Twitter not availabl,Facebook not availabl,Instagram not availabl,Linkedin not availabl,https://awfsfair25.mapyourshow.com/8_0/floorplan/index.cfm?hallID=A&selectedBooth=3171
Shelter Forest International,"200 SW Market Street, Suite 1930 Portland, OR 97201USA",3209,(503) 863-2879,(503) 863-2864,website not availabl,Twitter not availabl,Facebook not availabl,Instagram not availabl,Linkedin not availabl,https://awfsfair25.mapyourshow.com/8_0/floorplan/index.cfm?hallID=A&selectedBooth=3209
Bainbridge Mfg. Inc.,"PO Box 487 Waterville, WA 98858USA",3218,(509) 745-9666,(509) 745-9555,http://www.bainbridgemfg.com/,Twitter not availabl,Facebook not availabl,Instagram not availabl,Linkedin not availabl,https://awfsfair25.mapyourshow.com/8_0/floorplan/index.cfm?hallID=A&selectedBooth=3218
"Lockdowel, Inc.","PO Box 731261 San Jose, CA 95173USA",3219,fax not availabl,866-389-5393,http://www.lockdowel.com/,Twitter not availabl,Facebook not availabl,Instagram not availabl,Linkedin not availabl,https://awfsfair25.mapyourshow.com/8_0/floorplan/index.cfm?hallID=A&selectedBooth=3219
AkzoNobel/Chemcraft,"1567 Prospect High Point, NC 27260USA",3223,(336) 883-7237,(336) 801-5111,website not availabl,Twitter not availabl,Facebook not availabl,Instagram not availabl,Linkedin not availabl,https://awfsfair25.mapyourshow.com/8_0/floorplan/index.cfm?hallID=A&selectedBooth=3223
SATA USA INC.,"1 Sata Dr PO Box 46 Spring Valley, MN 55975USA",3233,(800) 633-7282,(800)533-8016,https://www.satausa.com/,Twitter not availabl,Facebook not availabl,Instagram not availabl,Linkedin not availabl,https://awfsfair25.mapyourshow.com/8_0/floorplan/index.cfm?hallID=A&selectedBooth=3233
KCD Software,"1224 Route 28A, Box 489 Cataumet, MA 02534USA",3237,(508) 760-1143,(508) 760-1140,http://www.kcdsoftware.com/,Twitter not availabl,Facebook not availabl,Instagram not availabl,Linkedin not availabl,https://awfsfair25.mapyourshow.com/8_0/floorplan/index.cfm?hallID=A&selectedBooth=3237
"Uneeda Enterprizes, Inc.","640 Chestnut Ridge Road Spring Valley, NY 10977USA",3247,(845) 426-2810,(845) 426-2800,http://www.uneeda.com/,Twitter not availabl,Facebook not availabl,Instagram not availabl,Linkedin not availabl,https://awfsfair25.mapyourshow.com/8_0/floorplan/index.cfm?hallID=A&selectedBooth=3247
Fast Rack Equipment,"1853 W. Spring St. Unit 6 Appleton, WI 54914USA",3255,fax not availabl,(920) 585-0230,http://www.fastrackequipment.com/,Twitter not availabl,Facebook not availabl,Instagram not availabl,Linkedin not availabl,https://awfsfair25.mapyourshow.com/8_0/floorplan/index.cfm?hallID=A&selectedBooth=3255
Kiwi Vision,"25125 E-376 Hayward, CA 94544USA",3260,fax not availabl,(408) 771-5187,http://www.themorgansquare.com/,Twitter not availabl,Facebook not availabl,Instagram not availabl,Linkedin not availabl,https://awfsfair25.mapyourshow.com/8_0/floorplan/index.cfm?hallID=A&selectedBooth=3260
Sivam Coatings S.p.A,"Via Monviso 10 Bareggio, 20010Italy",3261,39 02 90 30 4219,39 02 90 30 4227,https://www.sivam.it/en/,Twitter not availabl,Facebook not availabl,https://www.instagram.com/we_are_sivam/,https://ca.linkedin.com/company/nuova-sivam-spa,https://awfsfair25.mapyourshow.com/8_0/floorplan/index.cfm?hallID=A&selectedBooth=3261
MacDonald & Owen Lumber Co.,"1500 W City Hwy 16 Ste. C West Salem, WI 54669USA",3262,(608) 269-4418,(800) 657-6990,http://hardwoodlumber.net/,Twitter not availabl,Facebook not availabl,Instagram not availabl,Linkedin not availabl,https://awfsfair25.mapyourshow.com/8_0/floorplan/index.cfm?hallID=A&selectedBooth=3262
E.B. Bradley Co.,"5602 Bickett Street Los Angeles, CA 90058USA",3301,(213) 585-9209,(323) 585-9917,http://www.ebbradley.com/,Twitter not availabl,Facebook not availabl,Instagram not availabl,Linkedin not availabl,https://awfsfair25.mapyourshow.com/8_0/floorplan/index.cfm?hallID=A&selectedBooth=3301
Hardware Resources,"1321 Greenway Dr. Irving, TX 75038USA",3309,fax not availabl,3188416775,website not availabl,Twitter not availabl,Facebook not availabl,Instagram not availabl,Linkedin not availabl,https://awfsfair25.mapyourshow.com/8_0/floorplan/index.cfm?hallID=A&selectedBooth=3309
Timber Products,"305 South 4th St. Springfield, OR 97477USA",3323,(541) 744-5431,(541) 747-4577,website not availabl,Twitter not availabl,Facebook not availabl,Instagram not availabl,Linkedin not availabl,https://awfsfair25.mapyourshow.com/8_0/floorplan/index.cfm?hallID=A&selectedBooth=3323
Coral USA Corp.,"19121 Marketplace Avenue Suite 1-165 Kyle, TX 78640USA",3330,fax not availabl,4807965352,http://www.coralusa.com/,Twitter not availabl,Facebook not availabl,Instagram not availabl,Linkedin not availabl,https://awfsfair25.mapyourshow.com/8_0/floorplan/index.cfm?hallID=A&selectedBooth=3330
Daubert Chemical Company,"4700 South Central Ave Chicago, IL 60638USA",3331,(708) 496-7367,(708) 496-7350,website not availabl,Twitter not availabl,Facebook not availabl,Instagram not availabl,Linkedin not availabl,https://awfsfair25.mapyourshow.com/8_0/floorplan/index.cfm?hallID=A&selectedBooth=3331
"Masterduct, Inc.","5235 Ted Street Houston, TX 77040USA",3335,(713) 939-8441,(713) 462-5779,http://www.masterduct.com/,Twitter not availabl,Facebook not availabl,Instagram not availabl,Linkedin not availabl,https://awfsfair25.mapyourshow.com/8_0/floorplan/index.cfm?hallID=A&selectedBooth=3335
Mohawk Finishing Products & Finish Works,"2220 US Hwy 70 SE, Suite 100 Hickory, NC 28602USA",3337,800-721-1545,(828) 319-2747,website not availabl,Twitter not availabl,Facebook not availabl,Instagram not availabl,Linkedin not availabl,https://awfsfair25.mapyourshow.com/8_0/floorplan/index.cfm?hallID=A&selectedBooth=3337
"Microjig, Inc.","7212 Sandscove Ct. Winter Park, FL 32792USA",3347,(407) 696-6106,(407) 310-2789,https://www.microjig.com/,Twitter not availabl,Facebook not availabl,Instagram not availabl,Linkedin not availabl,https://awfsfair25.mapyourshow.com/8_0/floorplan/index.cfm?hallID=A&selectedBooth=3347
Alcea Coatings,"Via Piemonte 18, Senago Milan, Italy 20030Italy",3353,fax not availabl,(647) 763-6541,https://www.alcea.com/,Twitter not availabl,Facebook not availabl,Instagram not availabl,Linkedin not availabl,https://awfsfair25.mapyourshow.com/8_0/floorplan/index.cfm?hallID=A&selectedBooth=3353
Royal Plywood,"14171 E Park Place Cerritos, CA 90703USA",3361,(949) 547-6837,(949) 547-6837,website not availabl,Twitter not availabl,Facebook not availabl,Instagram not availabl,Linkedin not availabl,https://awfsfair25.mapyourshow.com/8_0/floorplan/index.cfm?hallID=A&selectedBooth=3361
StopLossBags,"1626 London Road #752 Duluth, MN 55812United States of America",3370,fax not availabl,(218) 221-5539,http://www.stoplossbags.com/,Twitter not availabl,Facebook not availabl,Instagram not availabl,Linkedin not availabl,https://awfsfair25.mapyourshow.com/8_0/floorplan/index.cfm?hallID=A&selectedBooth=3370
TimberCloud,"2111 E Florence Drive Tucson, AZ 85719United States of America",3377,fax not availabl,203-560-9163,https://timbercloud.com/,Twitter not availabl,Facebook not availabl,Instagram not availabl,Linkedin not availabl,https://awfsfair25.mapyourshow.com/8_0/floorplan/index.cfm?hallID=A&selectedBooth=3377
"Boss Products, LLC","6729 Guada Coma Drive Schertz, TX 78154USA",3431,fax not availabl,(210) 664-4200,http://www.bossproductsamerica.com/,Twitter not availabl,Facebook not availabl,Instagram not availabl,Linkedin not availabl,https://awfsfair25.mapyourshow.com/8_0/floorplan/index.cfm?hallID=A&selectedBooth=3431
Panefri North America Inc.,"268th Street Unit 2-5563 Langley, BC V4W 3W1Canada",3435,fax not availabl,(604) 381-2220,https://edgeband.com/na/,Twitter not availabl,Facebook not availabl,https://www.instagram.com/panefrina/?next=%2F,https://www.linkedin.com/company/panefri-north-america-enterprises-inc/?viewAsMember=true,https://awfsfair25.mapyourshow.com/8_0/floorplan/index.cfm?hallID=A&selectedBooth=3435
Charles McMurray Co.,"2520 N Argyle Ave Fresno, CA 93727USA",3447,(559) 346-6140,(559) 292-5751,http://mcmurray.com/,Twitter not availabl,Facebook not availabl,Instagram not availabl,Linkedin not availabl,https://awfsfair25.mapyourshow.com/8_0/floorplan/index.cfm?hallID=A&selectedBooth=3447
Wagner Industrial Solutions,"337 South Arthur Ave Louisville, CO 80027USA",3453,fax not availabl,888-820-4498,http://www.wagner-group.com/us/industry,Twitter not availabl,Facebook not availabl,Instagram not availabl,Linkedin not availabl,https://awfsfair25.mapyourshow.com/8_0/floorplan/index.cfm?hallID=A&selectedBooth=3453
Rev-A-Shelf LLC,"12400 Earl Jones Way Louisville, KY 40299USA",3501,fax not availabl,(800) 626-1126,http://www.rev-a-shelf.com/,Twitter not availabl,Facebook not availabl,Instagram not availabl,Linkedin not availabl,https://awfsfair25.mapyourshow.com/8_0/floorplan/index.cfm?hallID=A&selectedBooth=3501
Pollmeier Inc.,"8100 SW Nyberg ST Suite 250 Tualatin, OR 97062USA",3517,503-452-5801,503-452-5800,website not availabl,Twitter not availabl,Facebook not availabl,Instagram not availabl,Linkedin not availabl,https://awfsfair25.mapyourshow.com/8_0/floorplan/index.cfm?hallID=A&selectedBooth=3517
"Gemini Industries, Inc.","421 S.E. 27th Street El Reno, OK 73036USA",3523,(405) 262-9310,(405) 345-2023,http://www.gemini-coatings.com/,Twitter not availabl,Facebook not availabl,Instagram not availabl,Linkedin not availabl,https://awfsfair25.mapyourshow.com/8_0/floorplan/index.cfm?hallID=A&selectedBooth=3523
"ANEST IWATA Americas, Inc","10148 Commerce Park Drive West Chester, OH 45246USA",3537,(513) 755-0888,5132911187,website not availabl,Twitter not availabl,Facebook not availabl,Instagram not availabl,Linkedin not availabl,https://awfsfair25.mapyourshow.com/8_0/floorplan/index.cfm?hallID=A&selectedBooth=3537
"Drawer Connection, Inc.","1936 N. Higley Road #7500 Mesa, AZ 85205USA",3547,(480) 917-5799,(480) 917-4887,http://www.drawerconnection.com/,Twitter not availabl,Facebook not availabl,Instagram not availabl,Linkedin not availabl,https://awfsfair25.mapyourshow.com/8_0/floorplan/index.cfm?hallID=A&selectedBooth=3547
CabBuilder,"2505 East Paris Ave. Ste 140 Grand Rapids, MI 49546USA",3553,(616) 825-6061,(231) 437-1776,http://www.cabbuildersoftware.com/,Twitter not availabl,Facebook not availabl,Instagram not availabl,Linkedin not availabl,https://awfsfair25.mapyourshow.com/8_0/floorplan/index.cfm?hallID=A&selectedBooth=3553
West Hardware,"1165 Woodlawn St Ontario, CA 91761USA",3562,(909) 406-8150,(909) 406-8160,http://www.west-hardware.com/,Twitter not availabl,Facebook not availabl,Instagram not availabl,Linkedin not availabl,https://awfsfair25.mapyourshow.com/8_0/floorplan/index.cfm?hallID=A&selectedBooth=3562
"Shandong Fangsi Import and Export Co., Ltd.","1211-017, Unit B, 2nd Floor, Building 2 Yihe Road 3rd Road, Comprehensive Bonded Zone Linyi, Shandong 276000China",3564,86 539 617 3990,0086-185 053 96359,http://www.haisenwood.com/,Twitter not availabl,Facebook not availabl,Instagram not availabl,Linkedin not availabl,https://awfsfair25.mapyourshow.com/8_0/floorplan/index.cfm?hallID=A&selectedBooth=3564
"Durr Systems, Inc.","26801 Northwestern Highway Southfield, MI 48033United States of America",3571,fax not availabl,248 450-2000,https://www.durr.com/en,Twitter not availabl,Facebook not availabl,Instagram not availabl,Linkedin not availabl,https://awfsfair25.mapyourshow.com/8_0/floorplan/index.cfm?hallID=A&selectedBooth=3571
Microvellum Software,"444 South Haskell Street Central Point, OR 97502USA",3615,(541) 664-1670,(541) 664-1625,website not availabl,Twitter not availabl,Facebook not availabl,Instagram not availabl,Linkedin not availabl,https://awfsfair25.mapyourshow.com/8_0/floorplan/index.cfm?hallID=A&selectedBooth=3615
"States Industries, LLC","PO Box 41150 Eugene, OR 97404USA",3623,(541) 689-8051,(541) 688-7871,website not availabl,Twitter not availabl,Facebook not availabl,Instagram not availabl,Linkedin not availabl,https://awfsfair25.mapyourshow.com/8_0/floorplan/index.cfm?hallID=A&selectedBooth=3623
Siyi America,"5910 W by NW Blvd, Ste 100 Houston, Texas 77040USA",3631,fax not availabl,9172007925,https://siyiamerica.com/,Twitter not availabl,Facebook not availabl,Instagram not availabl,Linkedin not availabl,https://awfsfair25.mapyourshow.com/8_0/floorplan/index.cfm?hallID=A&selectedBooth=3631
Axalta Coating System,"1717 English Rd. High Point, NC 27262USA",3637,fax not availabl,(336) 802-4716,http://www.axaltawoodcoatings.com/,Twitter not availabl,Facebook not availabl,Instagram not availabl,Linkedin not availabl,https://awfsfair25.mapyourshow.com/8_0/floorplan/index.cfm?hallID=A&selectedBooth=3637
PaintLine,"PO Box 1324 Menlo Park, CA 94025USA",3647,(510) 477-9199,(510) 477-9100,https://www.paintline.com/,https://twitter.com/paintlineco,https://www.facebook.com/paintlineco/,https://www.instagram.com/paintlineco/,https://www.linkedin.com/company/13436737/,https://awfsfair25.mapyourshow.com/8_0/floorplan/index.cfm?hallID=A&selectedBooth=3647
Renner USA Corp,"651 Michael Wylie Drive Charlotte, NC 28217USA",3653,fax not availabl,(336)905-2844,http://www.rennerwoodcoatings.com/,Twitter not availabl,Facebook not availabl,Instagram not availabl,Linkedin not availabl,https://awfsfair25.mapyourshow.com/8_0/floorplan/index.cfm?hallID=A&selectedBooth=3653
Knape & Vogt MFG. CO.,"2700 Oak Industrial Drive NE Grand Rapids, MI 49505USA",3701,(616) 459-0249,(616) 459-3311,website not availabl,Twitter not availabl,Facebook not availabl,Instagram not availabl,Linkedin not availabl,https://awfsfair25.mapyourshow.com/8_0/floorplan/index.cfm?hallID=A&selectedBooth=3701
"King Slide Works Co., Ltd","No.299 Shun An Rd., Lu Zhu Dist Kaohsiung City, TX 82150Taiwan",3711,88676967018,886-7-959-9688 e7121,website not availabl,Twitter not availabl,Facebook not availabl,Instagram not availabl,Linkedin not availabl,https://awfsfair25.mapyourshow.com/8_0/floorplan/index.cfm?hallID=A&selectedBooth=3711
Western Dovetail Incorporated,"PO Box 1592 Vallejo, CA 94590USA",3717,(707) 556-1920,(707) 556-3683,http://www.drawer.com/,https://twitter.com/westerndovetail,https://www.facebook.com/WesternDovetailInc/,https://www.instagram.com/westerndovetail,https://www.linkedin.com/company/western-dovetail-inc,https://awfsfair25.mapyourshow.com/8_0/floorplan/index.cfm?hallID=A&selectedBooth=3717
Hexagon Manufacturing Intelligence,"1300 McFarland Blvd N Suite 350 Tuscaloosa, AL 35406USA",3723,(205) 556-7898,(866) 675-6551,https://www.cabinetvision.com/company,Twitter not availabl,Facebook not availabl,Instagram not availabl,Linkedin not availabl,https://awfsfair25.mapyourshow.com/8_0/floorplan/index.cfm?hallID=A&selectedBooth=3723
INNERGY,"1012 Industrial Dr S Sauk Rapids, MN 56379USA",3733,fax not availabl,(800) 570-7230,https://www.innergy.com/,Twitter not availabl,https://www.facebook.com/getinnergy,Instagram not availabl,https://www.linkedin.com/company/getinnergy,https://awfsfair25.mapyourshow.com/8_0/floorplan/index.cfm?hallID=A&selectedBooth=3733
Advanced Dimensions,"2259 State Highway 7 Unadilla, NY 13849USA",3739,fax not availabl,(607) 988-4040,https://advanceddimensions.com/,Twitter not availabl,https://www.facebook.com/AdvancedDimensions,Instagram not availabl,Linkedin not availabl,https://awfsfair25.mapyourshow.com/8_0/floorplan/index.cfm?hallID=A&selectedBooth=3739
Teverpan,"Kucuk Camlica, Cilehane Yolu Cad. No:13/4 Uskudar Istanbul, Istanbul 34696Turkey",3747,9.02163E+11,90 (216) 345-2826,http://www.teverpan.com.tr/,Twitter not availabl,Facebook not availabl,Instagram not availabl,Linkedin not availabl,https://awfsfair25.mapyourshow.com/8_0/floorplan/index.cfm?hallID=A&selectedBooth=3747
Hardware Rebels,"259 Chemin Scott Rigaud, PQ J0P 1P0Canada",3759,fax not availabl,5144090484,http://www.hardwarerebels.com/,Twitter not availabl,Facebook not availabl,Instagram not availabl,Linkedin not availabl,https://awfsfair25.mapyourshow.com/8_0/floorplan/index.cfm?hallID=A&selectedBooth=3759
"Fagus GreCon, Inc.","648 Griffith Rd Suite A Charlotte, NC 28217USA",3769,(704) 973-9733,(704) 912-0000,http://www.fagus-grecon.com/,Twitter not availabl,Facebook not availabl,Instagram not availabl,https://www.linkedin.com/company/fagus-grecon-inc/,https://awfsfair25.mapyourshow.com/8_0/floorplan/index.cfm?hallID=A&selectedBooth=3769
West Fraser,"1250 Brownmiller Road Quesnel, BC V2J 6P5Canada",3817,(250) 992-3034,(250) 992-9254,http://www.westfraser.com/,Twitter not availabl,Facebook not availabl,Instagram not availabl,Linkedin not availabl,https://awfsfair25.mapyourshow.com/8_0/floorplan/index.cfm?hallID=A&selectedBooth=3817
"Osborne Wood Products, Inc.","4618 HWY 123 N Toccoa, GA 30577United States",3839,(888) 777-4304,(706) 886-1065,http://www.osbornewood.com/,Twitter not availabl,Facebook not availabl,Instagram not availabl,Linkedin not availabl,https://awfsfair25.mapyourshow.com/8_0/floorplan/index.cfm?hallID=A&selectedBooth=3839
Sames,"45001 5 Mile Road Plymouth, MI 48170USA",3853,(630) 855-8018,(800) 573-5554,website not availabl,Twitter not availabl,Facebook not availabl,Instagram not availabl,Linkedin not availabl,https://awfsfair25.mapyourshow.com/8_0/floorplan/index.cfm?hallID=A&selectedBooth=3853
Art For Everyday Inc.,"420 Canarcic Dr. Toronto, ON M3J 2V3Canada",3859,(416) 645-5121,(416) 645-5120,website not availabl,Twitter not availabl,Facebook not availabl,Instagram not availabl,Linkedin not availabl,https://awfsfair25.mapyourshow.com/8_0/floorplan/index.cfm?hallID=A&selectedBooth=3859
Leybold USA Inc.,"6005 Enterprise Dr. Export, PA 15632United States of America",3863,fax not availabl,724-325-6582,http://www.leybold.com/,Twitter not availabl,Facebook not availabl,Instagram not availabl,Linkedin not availabl,https://awfsfair25.mapyourshow.com/8_0/floorplan/index.cfm?hallID=A&selectedBooth=3863
Airfill Technologies,"1816 Railroad Street Corona, CA 92878USA",3868,(951) 340-9635,(844) 247-3455,http://www.airfilltechnologies.com/,Twitter not availabl,Facebook not availabl,Instagram not availabl,Linkedin not availabl,https://awfsfair25.mapyourshow.com/8_0/floorplan/index.cfm?hallID=A&selectedBooth=3868
Frontier ERP Software,"8770 W. Bryn Mawr Ave. #1300 Chicago, Illinois 60631United States of America",3870,fax not availabl,847 282-4708,http://friedmancorp.com/,Twitter not availabl,Facebook not availabl,Instagram not availabl,Linkedin not availabl,https://awfsfair25.mapyourshow.com/8_0/floorplan/index.cfm?hallID=A&selectedBooth=3870
Freshwood,"2300 E. Katella Ave, Suite 440 Anaheim, CA 92806USA",3871,323-838-9443,323-215-0312,website not availabl,Twitter not availabl,Facebook not availabl,Instagram not availabl,Linkedin not availabl,https://awfsfair25.mapyourshow.com/8_0/floorplan/index.cfm?hallID=A&selectedBooth=3871
"Blum, Inc.","7733 Old Plank Road Stanley, NC 28164USA",3901,(704) 827-0799,(704) 827-1345,website not availabl,Twitter not availabl,Facebook not availabl,Instagram not availabl,Linkedin not availabl,https://awfsfair25.mapyourshow.com/8_0/floorplan/index.cfm?hallID=A&selectedBooth=3901
Salice America Inc.,"2123 Crown Centre Drive Charlotte, NC 28227USA",3911,(704) 841-7808,(704) 841-7810,http://www.saliceamerica.com/,Twitter not availabl,Facebook not availabl,Instagram not availabl,Linkedin not availabl,https://awfsfair25.mapyourshow.com/8_0/floorplan/index.cfm?hallID=A&selectedBooth=3911
CompX Security Products,"PO Box 200 Mauldin, SC 2922USA",3916,(864) 297-9987,(864) 297-6655,http://compx.com/,Twitter not availabl,Facebook not availabl,Instagram not availabl,Linkedin not availabl,https://awfsfair25.mapyourshow.com/8_0/floorplan/index.cfm?hallID=A&selectedBooth=3916
"U.S. Futaba, Inc.","525 Byron Street, Suite C Chesapeake, VA 23320USA",3923,(757) 549-9794,(757) 549-0036,http://www.usfutaba.com/,Twitter not availabl,Facebook not availabl,Instagram not availabl,Linkedin not availabl,https://awfsfair25.mapyourshow.com/8_0/floorplan/index.cfm?hallID=A&selectedBooth=3923
Custom Accents/HandiSolutions,"1940 Lunt Ave Elk Grove Village, IL 60007USA",3931,(847) 572-0675,(847) 858-6874,website not availabl,Twitter not availabl,Facebook not availabl,Instagram not availabl,Linkedin not availabl,https://awfsfair25.mapyourshow.com/8_0/floorplan/index.cfm?hallID=A&selectedBooth=3931
GIZIR Ahsap Insaat Turizm San. Tic. A.S.,"H.S. Organize San. Bol. Osb Canakkale Cad N. 17 Saricam Adana, Saricam 01350Turkey",3939,(514) 360-4548,9.05352E+11,website not availabl,Twitter not availabl,Facebook not availabl,Instagram not availabl,Linkedin not availabl,https://awfsfair25.mapyourshow.com/8_0/floorplan/index.cfm?hallID=A&selectedBooth=3939
True Position Tools,"49737 Park Ave Morongo Valley, CA 92256USA",3947,fax not availabl,(760) 279-3030,website not availabl,Twitter not availabl,Facebook not availabl,Instagram not availabl,Linkedin not availabl,https://awfsfair25.mapyourshow.com/8_0/floorplan/index.cfm?hallID=A&selectedBooth=3947
WalzCraft,"PO Box 1748 La Crosse, WI 54603USA",3953,(608) 781-3667,(800) 237-1326,http://walzcraft.com/,Twitter not availabl,https://www.facebook.com/WalzCraft/,https://www.instagram.com/walzcraft/,Linkedin not availabl,https://awfsfair25.mapyourshow.com/8_0/floorplan/index.cfm?hallID=A&selectedBooth=3953
Manufacturing Plywood,"295,Quarter 4, Thoi Hoa Ward Ben Cat Town, Binh 820000VN",3962,fax not availabl,+84 02743576216,http://vanepbaothinh.com/,Twitter not availabl,Facebook not availabl,Instagram not availabl,Linkedin not availabl,https://awfsfair25.mapyourshow.com/8_0/floorplan/index.cfm?hallID=A&selectedBooth=3962
Quart International Company Limited,"Unit E, 35/F, YHC Tower No.1 Sheung Yuet Road Kowloon Bay, NA KowloonHong Kong",4023,(852) 2754-2929,(852) 3761-8333,website not availabl,Twitter not availabl,Facebook not availabl,Instagram not availabl,Linkedin not availabl,https://awfsfair25.mapyourshow.com/8_0/floorplan/index.cfm?hallID=A&selectedBooth=4023
MIRLUX Premium Panel,"1369 S. Bertelsen Rd. Eugene, Oreg 97402USA",4025,fax not availabl,(541) 228-9757,http://www.mirluxpremiumpanel.com/,Twitter not availabl,Facebook not availabl,Instagram not availabl,Linkedin not availabl,https://awfsfair25.mapyourshow.com/8_0/floorplan/index.cfm?hallID=A&selectedBooth=4025
Amerfit Hardware Inc.,"14331 Proctor Ave. City of Industry, CA 91746USA",4031,(626) 336-8282,(626) 336-8818,website not availabl,Twitter not availabl,Facebook not availabl,Instagram not availabl,Linkedin not availabl,https://awfsfair25.mapyourshow.com/8_0/floorplan/index.cfm?hallID=A&selectedBooth=4031
Striplox,"11 Hermitage Cres Thornlands Brisbane, QLD 4164Austrailia",4033,61 417 833 038,61 417 833 038,http://www.striplox.com/,Twitter not availabl,Facebook not availabl,Instagram not availabl,Linkedin not availabl,https://awfsfair25.mapyourshow.com/8_0/floorplan/index.cfm?hallID=A&selectedBooth=4033
Flex Trim/Carter Millwork,"117 Cedar Lane Drive Lexington, NC 27292USA",4046,(800) 861-0737,(800) 861-0734,website not availabl,Twitter not availabl,Facebook not availabl,Instagram not availabl,Linkedin not availabl,https://awfsfair25.mapyourshow.com/8_0/floorplan/index.cfm?hallID=A&selectedBooth=4046
"Prona Tools, Inc.","4141 Grandview Hwy Burnaby, BC V5C 4J1Canada",4047,fax not availabl,(604) 436-0061,http://www.pronatools.com/,Twitter not availabl,Facebook not availabl,Instagram not availabl,Linkedin not availabl,https://awfsfair25.mapyourshow.com/8_0/floorplan/index.cfm?hallID=A&selectedBooth=4047
EGGER Wood Products,"300 Egger Parkway Linwood, NC 27299USA",4101,fax not availabl,(336) 253-4920,https://www.egger.com/en/?country=US,Twitter not availabl,https://www.facebook.com/EGGERNorthAmerica/,https://www.instagram.com/eggernorthamerica/,https://www.linkedin.com/company/egger-group-north-america/,https://awfsfair25.mapyourshow.com/8_0/floorplan/index.cfm?hallID=A&selectedBooth=4101
"Pride Industrial, LLC","15221 Fairfield Ranch Road, Unit 120 Chino Hills, CA 91709USA",4105,(909) 334-4377,(909) 334-4388,http://www.prideindustrial.com/,Twitter not availabl,Facebook not availabl,Instagram not availabl,Linkedin not availabl,https://awfsfair25.mapyourshow.com/8_0/floorplan/index.cfm?hallID=A&selectedBooth=4105
"TradeSoft, Inc.","3225 Shallowford Road, Suite 330 Marietta, GA 30062USA",4111,(770) 579-0221,(770) 579-9096,http://www.tradesoftinc.com/,Twitter not availabl,Facebook not availabl,Instagram not availabl,Linkedin not availabl,https://awfsfair25.mapyourshow.com/8_0/floorplan/index.cfm?hallID=A&selectedBooth=4111
Supra Machine Tool,"2320 E. Valencia Dr. Fullerton, CA 92831USA",4117,(714) 871-5554,(714) 871-5558,https://www.ebay.com/str/supramachinetool,Twitter not availabl,Facebook not availabl,Instagram not availabl,Linkedin not availabl,https://awfsfair25.mapyourshow.com/8_0/floorplan/index.cfm?hallID=A&selectedBooth=4117
Tong's Hardware and Plastic Products LLC,"49 Whitney St , SF, CA, 94131, US SF, California 94131USA",4119,fax not availabl,(415) 939-4533,website not availabl,Twitter not availabl,Facebook not availabl,Instagram not availabl,Linkedin not availabl,https://awfsfair25.mapyourshow.com/8_0/floorplan/index.cfm?hallID=A&selectedBooth=4119
"Excel Dowel & Wood Products, LLC.","800 Baker Drive Itasca, IL 60143USA",4122,(630) 775-0100,(630) 775-9300,https://www.exceldowel.com/,Twitter not availabl,Facebook not availabl,Instagram not availabl,Linkedin not availabl,https://awfsfair25.mapyourshow.com/8_0/floorplan/index.cfm?hallID=A&selectedBooth=4122
LioPac LLC & Co,"12863 San Fernando Road Sylmar, CA 91342USA",4123,fax not availabl,(310) 741-0306,website not availabl,Twitter not availabl,Facebook not availabl,Instagram not availabl,Linkedin not availabl,https://awfsfair25.mapyourshow.com/8_0/floorplan/index.cfm?hallID=A&selectedBooth=4123
"Hong Jeu Industrial Co., Ltd.","61 Anle St. Sioushuei Changhua, Taiwan 50445Taiwan R.O.C.",4125,886 47 695356,886 47 695821,https://www.hongjeu.com.tw/,Twitter not availabl,https://www.facebook.com/hongjeu.tw,https://www.instagram.com/hongjeu.tw,Linkedin not availabl,https://awfsfair25.mapyourshow.com/8_0/floorplan/index.cfm?hallID=A&selectedBooth=4125
Lola Soap,"4840 W UNIVERSITY AVE SUITE A3 LAS VEGAS, NV 89103United States",4126,fax not availabl,7253009759,http://www.lolasoap.com/,Twitter not availabl,Facebook not availabl,Instagram not availabl,Linkedin not availabl,https://awfsfair25.mapyourshow.com/8_0/floorplan/index.cfm?hallID=A&selectedBooth=4126
Charter Industries Inc,"3900 S Greenbrooke Dr., SE Kentwood, MI 49512USA",4127,(616) 245-1188,(800) 538-9088,http://www.charterindustries.com/,Twitter not availabl,Facebook not availabl,Instagram not availabl,Linkedin not availabl,https://awfsfair25.mapyourshow.com/8_0/floorplan/index.cfm?hallID=A&selectedBooth=4127
"Crystal Element, Inc","28 Champa street NEWTON U F, MA 02464United States of America",4130,fax not availabl,6173143020,https://www.crystalelement.com/,Twitter not availabl,Facebook not availabl,Instagram not availabl,Linkedin not availabl,https://awfsfair25.mapyourshow.com/8_0/floorplan/index.cfm?hallID=A&selectedBooth=4130
MachMotion,"14518 County Road 7240 Newburg, MO 65550USA",4131,fax not availabl,(573) 368-7399,http://www.machmotion.com/,Twitter not availabl,Facebook not availabl,Instagram not availabl,Linkedin not availabl,https://awfsfair25.mapyourshow.com/8_0/floorplan/index.cfm?hallID=A&selectedBooth=4131
Mid-Coast Mfg & Supply,"755 Egret Walk Ln Venice, FL 34292USA",4134,fax not availabl,5738367768,http://www.panelbuddies.com/,Twitter not availabl,Facebook not availabl,Instagram not availabl,Linkedin not availabl,https://awfsfair25.mapyourshow.com/8_0/floorplan/index.cfm?hallID=A&selectedBooth=4134
David Musty putters,"17308 woodruff ave bellflower, ca 90706United States of America",4135,fax not availabl,5625229995,http://www.davidmustyputters.com/,Twitter not availabl,Facebook not availabl,Instagram not availabl,Linkedin not availabl,https://awfsfair25.mapyourshow.com/8_0/floorplan/index.cfm?hallID=A&selectedBooth=4135
Bissell Commerical,"100 Armstrong Road Plymouth, MA 02360USA",4138,fax not availabl,(800) 242-1378,http://www.bissellcommercial.com/,Twitter not availabl,Facebook not availabl,Instagram not availabl,Linkedin not availabl,https://awfsfair25.mapyourshow.com/8_0/floorplan/index.cfm?hallID=A&selectedBooth=4138
3A Composites USA Inc.,"721 Jetton Street, Ste.325 Davidson, NC 28036USA",4141,fax not availabl,800.626.3365,http://www.3acomposites.com/,Twitter not availabl,Facebook not availabl,Instagram not availabl,Linkedin not availabl,https://awfsfair25.mapyourshow.com/8_0/floorplan/index.cfm?hallID=A&selectedBooth=4141
RGI SPRAYBOOTHS.NET,"410 E Grant Line Rd Tracy, CA 95376United States of America",4147,fax not availabl,5627168210,http://RGI  | Spray Booth Co.,Twitter not availabl,Facebook not availabl,Instagram not availabl,Linkedin not availabl,https://awfsfair25.mapyourshow.com/8_0/floorplan/index.cfm?hallID=A&selectedBooth=4147
Ventless LLC.,"23-24 Brisbane Road Toronto, Ontario, M3J 2K1Canada",4201,fax not availabl,(646) 696-0809,website not availabl,Twitter not availabl,Facebook not availabl,Instagram not availabl,Linkedin not availabl,https://awfsfair25.mapyourshow.com/8_0/floorplan/index.cfm?hallID=A&selectedBooth=4201
Hubtex North America,"20 Joseph Mills Dr Fredericksburg, VA 22408USA",4205,(540) 898-8143,(540) 898-8636,http://www.hubtex.com/northamerica,Twitter not availabl,Facebook not availabl,Instagram not availabl,Linkedin not availabl,https://awfsfair25.mapyourshow.com/8_0/floorplan/index.cfm?hallID=A&selectedBooth=4205
Simona America Industries,"101 Power Blvd. Archbald, PA 18403USA",4211,(570) 876-0166,(800) 233-4701,website not availabl,Twitter not availabl,Facebook not availabl,Instagram not availabl,Linkedin not availabl,https://awfsfair25.mapyourshow.com/8_0/floorplan/index.cfm?hallID=A&selectedBooth=4211
GlideRite Hardware,"6261 Prescott Court Chino, CA 91710-7112United States of America",4213,fax not availabl,(909) 591-7555,https://www.gliderite.com/,Twitter not availabl,Facebook not availabl,Instagram not availabl,Linkedin not availabl,https://awfsfair25.mapyourshow.com/8_0/floorplan/index.cfm?hallID=A&selectedBooth=4213
"Ecogate, Inc.","5669 Whitnall Way North Hollywood, CA 91601",4216,(818) 506-6971,(818) 506-6016,website not availabl,Twitter not availabl,Facebook not availabl,Instagram not availabl,Linkedin not availabl,https://awfsfair25.mapyourshow.com/8_0/floorplan/index.cfm?hallID=A&selectedBooth=4216
"PlateAll, Inc.","1820 Parkman Ave. Baltimore, MD 21230USA",4222,(410) 646-0045,(410) 644-0777,http://www.plateall.com/,Twitter not availabl,Facebook not availabl,Instagram not availabl,Linkedin not availabl,https://awfsfair25.mapyourshow.com/8_0/floorplan/index.cfm?hallID=A&selectedBooth=4222
Accoya Wood,"Accsys Sales Office Building 470, 200 S. Wilcox Dr Kingsport, TN 37660United States of America",4223,fax not availabl,423-417-8393,http://www.accoya.com/,Twitter not availabl,Facebook not availabl,Instagram not availabl,Linkedin not availabl,https://awfsfair25.mapyourshow.com/8_0/floorplan/index.cfm?hallID=A&selectedBooth=4223
CRP Industries Inc./PERSKE,"35 Commerce Drive Cranbury, NJ 08512United States of America",4231,(609) 655-5300,(800) 526-4066,https://www.crpindustrial.com/,Twitter not availabl,Facebook not availabl,Instagram not availabl,Linkedin not availabl,https://awfsfair25.mapyourshow.com/8_0/floorplan/index.cfm?hallID=A&selectedBooth=4231
VST Global LLC,"17150 Newhope St. #409 Fountain Valley, CA 92708United States of America",4233,fax not availabl,(949) 656-9926,https://vstledstore.com/,Twitter not availabl,Facebook not availabl,Instagram not availabl,Linkedin not availabl,https://awfsfair25.mapyourshow.com/8_0/floorplan/index.cfm?hallID=A&selectedBooth=4233
King Plastic Corporation,"1100 N. Toledo Blade Blvd. North Port, FL 34288USA",4239,(941) 497-3274,(941) 493-5502,http://www.kingplastic.com/,Twitter not availabl,Facebook not availabl,Instagram not availabl,Linkedin not availabl,https://awfsfair25.mapyourshow.com/8_0/floorplan/index.cfm?hallID=A&selectedBooth=4239
Fifth Gear Technologies,"106 Wind Chime Ct. Raleigh, NC 27615USA",4247,(919) 676-9093,(919) 676-2244,https://fifthgeartech.com/,Twitter not availabl,Facebook not availabl,Instagram not availabl,Linkedin not availabl,https://awfsfair25.mapyourshow.com/8_0/floorplan/index.cfm?hallID=A&selectedBooth=4247
Rincomatic,"P. Ind. Avenida 2 - Naves 5-6 Villamalea, AB 02270Spain",4317,fax not availabl,1 718 909 5682,http://www.rincomatic.com/,Twitter not availabl,Facebook not availabl,Instagram not availabl,Linkedin not availabl,https://awfsfair25.mapyourshow.com/8_0/floorplan/index.cfm?hallID=A&selectedBooth=4317
INDASA USA,"23 MADISON RD. FAIRFIELD, NJ 07004United States of America",4339,(973) 916-0092,9739138243,http://www.indasa-abrasives.com/,Twitter not availabl,Facebook not availabl,Instagram not availabl,Linkedin not availabl,https://awfsfair25.mapyourshow.com/8_0/floorplan/index.cfm?hallID=A&selectedBooth=4339
ClosetPro Software,"PO Box 4093 Middletown, NJ 07748USA",4363,fax not availabl,(866) 418-1328,http://www.closetprosoftware.com/,Twitter not availabl,Facebook not availabl,Instagram not availabl,Linkedin not availabl,https://awfsfair25.mapyourshow.com/8_0/floorplan/index.cfm?hallID=A&selectedBooth=4363
Granite Valley,"500 County Highway S New London, WI 54961United States of America",4369,fax not availabl,(920) 982-2542,https://granitevalley.com/,Twitter not availabl,Facebook not availabl,Instagram not availabl,Linkedin not availabl,https://awfsfair25.mapyourshow.com/8_0/floorplan/index.cfm?hallID=A&selectedBooth=4369
AWFS Fair STAGE,"2400 E Katella Ave, Suite 340 Anaheim, CA 92806USA",4675,fax not availabl,phone not availabl,http://www.awfsfair.org/,Twitter not availabl,Facebook not availabl,Instagram not availabl,Linkedin not availabl,https://awfsfair25.mapyourshow.com/8_0/floorplan/index.cfm?hallID=A&selectedBooth=4675
SandWox Abrasives Inc.,"2260 S. Archibald Ave, Unit E Ontario, CA 91761United States of America",501,fax not availabl,5137263969,http://www.sandwox.com/,Twitter not availabl,Facebook not availabl,Instagram not availabl,Linkedin not availabl,https://awfsfair25.mapyourshow.com/8_0/floorplan/index.cfm?hallID=A&selectedBooth=501
Flexijet North America,"40 Hester Ave Ajax, Ontario L1T 3Y6Canada",507,fax not availabl,1-844-693-5394,http://www.myflexijet.com/,Twitter not availabl,Facebook not availabl,Instagram not availabl,Linkedin not availabl,https://awfsfair25.mapyourshow.com/8_0/floorplan/index.cfm?hallID=A&selectedBooth=507
ROBOTIME,"23 South Front Street Salem, NJ 08079United States of America",917,cs@gmsllc.cc,302-690-8662,https://robotime.com/about-robotime/,Twitter not availabl,Facebook not availabl,Instagram not availabl,Linkedin not availabl,https://awfsfair25.mapyourshow.com/8_0/floorplan/index.cfm?hallID=A&selectedBooth=917
"Olympus Lock, Inc.","18424 Highway 99 Lynnwood, WA 98037United States of America",922,2063623569,2063623290,http://www.olympuslock.com/,Twitter not availabl,Facebook not availabl,Instagram not availabl,Linkedin not availabl,https://awfsfair25.mapyourshow.com/8_0/floorplan/index.cfm?hallID=A&selectedBooth=922
"Denray Machine, Inc.","10775 Lawrence 1140 Mount Vernon, MO 65712USA",923,(417) 466-2394,4174664046,http://www.denray.com/,Twitter not availabl,Facebook not availabl,Instagram not availabl,Linkedin not availabl,https://awfsfair25.mapyourshow.com/8_0/floorplan/index.cfm?hallID=A&selectedBooth=923
REGISTRATION,,Lobby 1,fax not availabl,phone not availabl,website not availabl,Twitter not availabl,Facebook not availabl,Instagram not availabl,Linkedin not availabl,https://awfsfair25.mapyourshow.com/8_0/floorplan/index.cfm?hallID=A&selectedBooth=Lobby%201
AWFS Fair Visionary New Product Showcases,,Lobby 2,fax not availabl,phone not availabl,website not availabl,Twitter not availabl,Facebook not availabl,Instagram not availabl,Linkedin not availabl,https://awfsfair25.mapyourshow.com/8_0/floorplan/index.cfm?hallID=A&selectedBooth=Lobby%202
